company,lens_id,pub_number,title,abstract,pub_type,status,assignee,jurisdiction,filing_date,filing_year,pub_date,pub_year,cpc_codes,tech_category,inventor_count,family_id,family_size,priority_date,grant_date,expiration_date,inventors,claims_count,cited_by_count
SpaceX,18437044,US12244399,TILTED EARTH-BASED ANTENNA SYSTEMS AND METHODS OF TILTING FOR COMMUNICATION WITH A SATELLITE SYSTEM,,grant,granted,Space Exploration Technologies Corp.,US,2024-02-08,2024,2025-03-04,2025,H04B7/18519|H04B7/18573|H04B7/18517|H04B7/18536|H04B7/18547|H04B7/18571,Satellite / Wireless Comms,4,,1,2024-02-08,2025-03-04,,Duncan E. Adams; David Milroy; Jonathan François Cornelis Herman; Jessica D. Johnson,0,0
SpaceX,18435899,US12374773,PAN/TILT ASSEMBLY FOR ANTENNA APPARATUS,,grant,granted,Space Exploration Technologies Corp.,US,2024-02-07,2024,2025-07-29,2025,H01Q1/125|F16M11/126|F16M11/18|H01Q3/08,Antenna Design,2,,1,2024-02-07,2025-07-29,,Erik N. Littleton; Duncan Edwin Adams,0,0
SpaceX,18537420,US12191941,DETERMINATION OF ELECTRONIC BEAM STEERING ANGLES,,grant,granted,Space Exploration Technologies Corp.,US,2023-12-12,2023,2025-01-07,2025,H04B7/043|H04B17/318|G01S3/56|H04B7/0617|H04B7/0634|H04B7/18513|H04B7/2041|H04W16/28,Satellite / Wireless Comms,1,,1,2023-12-12,2025-01-07,,Martin S. McCormick,0,0
SpaceX,29917641,USD1066310,ANTENNA APPARATUS,,grant,granted,Space Exploration Technologies Corp.,US,2023-11-21,2023,2025-03-11,2025,,Other,3,,1,2023-11-21,2025-03-11,,Anthony Sims; Tad A. Kilbury; J. Gabriel Rustia,0,0
SpaceX,18505622,US12183988,HALF DUPLEX MODE DIGITAL BEAMFORMING DEVICE,,grant,granted,Space Exploration Technologies Corp.,US,2023-11-09,2023,2024-12-31,2024,H01Q3/36|H04B3/52|H01Q3/267|H04B3/54|H04B7/0617,Antenna Design,8,,1,2023-11-09,2024-12-31,,Masoud Kahrizi; Alex Ahmad Mirzaei; Ali Sajjadi; Bagher Afshar; Babak Vakili-Amini; Alireza Mehrnia; Behzad Nourani; Bernd Pregardier,0,0
SpaceX,18499588,US12483284,INTEGRATED SIGNAL CHAIN FOR AN ANTENNA ASSEMBLY,,grant,granted,Space Exploration Technologies Corp.,US,2023-11-01,2023,2025-11-25,2025,H04B1/0458|H01P3/12|H04B1/036|H04B1/18|H04B7/18515,Satellite / Wireless Comms,2,,1,2023-11-01,2025-11-25,,Anders Jensen; Samuel T. Reineman,0,0
SpaceX,18382413,US12322865,ANTENNA MODULES FOR PHASED ARRAY ANTENNAS,,grant,granted,Space Exploration Technologies Corp.,US,2023-10-20,2023,2025-06-03,2025,H01Q9/0414|H01Q21/0025|H01Q1/24|H01Q1/523|H01Q3/26|H01Q3/40|H01Q9/0428|H01Q21/24,Antenna Design,8,,1,2023-10-20,2025-06-03,,Alireza Mahanfar; Souren Shamsinejad; Shaya Karimkashi Arani; Siamak Ebadi; Ersin Yetisir; Peter Sung Tri Hoang; Javier Rodriguez De Luis; Nil Apaydin,0,0
SpaceX,18486035,US12376138,SYSTEM AND METHOD OF PROVIDING AN ADAPTIVE MODULATION AND CODING SCHEME,,grant,granted,Space Exploration Technologies Corp.,US,2023-10-12,2023,2025-07-29,2025,H04B17/336|H04W72/54|H04B17/382|H04W72/21|H04B7/18543|H04L1/0003|H04L1/0009|H04L1/203,Satellite / Wireless Comms,7,,1,2023-10-12,2025-07-29,,Jayasuryan V. Iyer; Yashodhan Dandekar; Khasim Shaheed Shaik Mahammad; Ramakrishna Akella; Chen Chen; Phillip E. Barber; Peter J. Worters,0,0
SpaceX,18483988,US12537553,CHANNEL EXTRACTION DIGITAL BEAMFORMING,,grant,granted,Space Exploration Technologies Corp.,US,2023-10-10,2023,2026-01-27,2026,H04B1/16|H04B7/0897|H04B7/08|H04L7/0033,Satellite / Wireless Comms,9,,1,2023-10-10,2026-01-27,,Alireza Mehrnia; Masoud Kahrizi; Alex Ahmad Mirzaei; Bagher Afshar; Ali Sajjadi; Bernd Pregardier; Ka Shun Carson Pun; Omid Nasiby; Igor Elgorriaga,0,0
SpaceX,18378095,US12537574,CHANNEL AGGREGATION DIGITAL BEAMFORMING,,grant,granted,Space Exploration Technologies Corp.,US,2023-10-09,2023,2026-01-27,2026,H04B7/0617|H04B7/0837|H04W72/046,Satellite / Wireless Comms,5,,1,2023-10-09,2026-01-27,,Alireza Mehrnia; Masoud Kahrizi; Ka Shun Carson Pun; Omid Nasiby; Alex Ahmad Mirzaei,0,0
SpaceX,18375319,US12542605,SYSTEMS AND METHODS FOR MAPPING GEOGRAPHIC SUB-AREAS TO SATELLITE-BASED BASE STATION PLATFORMS IN A CELLULAR NETWORK,,grant,granted,Space Exploration Technologies Corp.,US,2023-09-29,2023,2026-02-03,2026,,Other,2,,1,2023-09-29,2026-02-03,,Brian Dunn; Owen Chiaventone,0,0
SpaceX,18242994,US12255406,SYSTEM AND METHOD FOR OVER-THE-AIR ANTENNA CALIBRATION,,grant,granted,Space Exploration Technologies Corp.,US,2023-09-06,2023,2025-03-18,2025,H01Q3/267|H04B17/11|H04B17/12|H01Q1/48|H01Q9/0414|H01Q9/045|H01Q21/065,Antenna Design,1,,1,2023-09-06,2025-03-18,,Ersin Yetisir,0,0
SpaceX,18240913,US12376143,SYSTEM AND METHOD OF PROVIDING A MEDIUM ACCESS CONTROL SCHEDULER,,grant,granted,Space Exploration Technologies Corp.,US,2023-08-31,2023,2025-07-29,2025,H04W72/543|H04W72/1268|H04W72/23|H04B7/1851|H04B7/1853|H04L1/0003|H04L1/0009,Satellite / Wireless Comms,7,,1,2023-08-31,2025-07-29,,Jayasuryan V. Iyer; Khasim Shaheed Shaik Mahammad; Yashodhan Dandekar; Ramakrishna Akella; Chen Chen; Phillip E. Barber; Peter J. Worters,0,0
SpaceX,18231564,US12375988,LOW LATENCY SCHEDULE-DRIVEN HANDOVERS,,grant,granted,Space Exploration Technologies Corp.,US,2023-08-08,2023,2025-07-29,2025,H04B7/18513|H04W36/06|H04W36/083|H04W36/085|H04B7/0695|H04B7/18519|H04B7/18541|H04B7/2041,Satellite / Wireless Comms,10,,1,2023-08-08,2025-07-29,,Chen Chen; Pavel Chikulaev; Sergii Ziuzin; David Sacks; Peter J. Worters; Darshan Purohit; Yashodhan Dandekar; Vladimir Skuratovich; Andrei Pushkin; Phillip E. Barber,0,0
SpaceX,18230493,US12218742,INITIAL NETWORK ENTRY TO A COMMUNICATIONS SYSTEM,,grant,granted,Space Exploration Technologies Corp.,US,2023-08-04,2023,2025-02-04,2025,H04B7/18513|H04W72/21|H04L1/0003|H04L5/0007|H04W74/004|H04W74/0833|H04W84/06,Satellite / Wireless Comms,7,,1,2023-08-04,2025-02-04,,Chen Chen; Darshan Purohit; Yashodhan Dandekar; Pavel Chikulaev; David Sacks; Peter J. Worters; Phillip E. Barber,0,0
SpaceX,18227476,US12231178,OVER-THE-AIR CALIBRATION OF ANTENNA SYSTEM,,grant,granted,Space Exploration Technologies Corp.,US,2023-07-28,2023,2025-02-18,2025,H04B17/11|H04B17/14|H04B17/12|H04B17/19|H04B17/21|H01Q3/2617|H01Q3/38|H01Q3/42,Satellite / Wireless Comms,9,,1,2023-07-28,2025-02-18,,David Francois Jacquet; Masoud Kahrizi; Robert Baummer JR.; Jean-Noel Rozec; Fabrice Jean André Belvèze; Paul Lee Pearson; Francois Lucien Emile Icher; Marc Gens; Pascal Triaire,0,0
SpaceX,18225477,US12191865,PHASE LOCK LOOP (PLL) SYNCHRONIZATION,,grant,granted,Space Exploration Technologies Corp.,US,2023-07-24,2023,2025-01-07,2025,H03L7/07|G06F1/10|H01Q3/42|H03L7/1976,Signal Processing,4,,1,2023-07-24,2025-01-07,,David Francois Jacquet; Mostafa Ghazali; Masoud Kahrizi; Andras Tantos,0,0
SpaceX,18223489,US12494304,SYSTEM AND METHOD FOR PROVIDING SIGNALING OVER A CONDUCTIVE MATERIAL IN A CABLE,,grant,granted,Space Exploration Technologies Corp.,US,2023-07-18,2023,2025-12-09,2025,H01B7/282|H01B11/06|H01B7/02|H01B7/29|H01B7/32|H04B3/54,Satellite / Wireless Comms,4,,1,2023-07-18,2025-12-09,,Anno van den Akker; Wilson Ives; David Elliott; Joshua S. Salazar,0,0
SpaceX,18216415,US12166282,ANTENNA MODULES IN PHASED ARRAY ANTENNAS,,grant,granted,Space Exploration Technologies Corp.,US,2023-06-29,2023,2024-12-10,2024,H01Q1/2283|H01Q21/0087|H01Q5/25|H01Q5/48|H01Q1/38|H01Q3/26|H01Q9/285|H01Q19/108,Antenna Design,5,,1,2023-06-29,2024-12-10,,Javier Rodriguez De Luis; Nil Apaydin; Ersin Yetisir; Alireza Mahanfar; Siamak Ebadi,0,0
SpaceX,18208754,US12184752,CHIP TO CHIP TIME SYNCHRONIZATION,,grant,granted,Space Exploration Technologies Corp.,US,2023-06-12,2023,2024-12-31,2024,G06F1/04|H04L7/0331|H01Q1/24|H01Q1/28|H01Q3/28|H01Q3/36|H01Q21/065,Computing / Software,3,,1,2023-06-12,2024-12-31,,Andras Tantos; David Francois Jacquet; Mario Toma,0,0
SpaceX,18205958,US12177060,DIGITAL PRE-DISTORTION COMPENSATION IN A WIRELESS COMMUNICATIONS SYSTEM,,grant,granted,Space Exploration Technologies Corp.,US,2023-06-05,2023,2024-12-24,2024,H04B1/04|H04L27/367|H03F1/3247|H03F1/3258|H03F1/3294|H03F3/19|H03F3/245|H03F3/68,Satellite / Wireless Comms,2,,1,2023-06-05,2024-12-24,,Martin S. McCormick; Feipeng Wang,0,0
SpaceX,29892770,USD1118255,TORCH DEVICE,,grant,granted,Space Exploration Technologies Corp.,US,2023-05-22,2023,2026-03-17,2026,,Other,1,,1,2023-05-22,2026-03-17,,Anthony Sims,0,0
SpaceX,18197597,US12136977,SYSTEMS AND METHODS FOR BEAMFORMING IN HYBRID BEAMFORMING ANTENNAS,,grant,granted,Space Exploration Technologies Corp.,US,2023-05-15,2023,2024-11-05,2024,H04B7/0617|H04B17/11|H04B17/12|H04B17/21|H01Q3/36|H01Q21/065|H04B7/0686,Satellite / Wireless Comms,5,,1,2023-05-15,2024-11-05,,Eric Pepin; Kim W. Schulze; Amir Agah; Dean A. De Carli; Philippe Riondet,0,0
SpaceX,29891628,USD1074649,ANTENNA APPARATUS,,grant,granted,Space Exploration Technologies Corp.,US,2023-05-08,2023,2025-05-13,2025,,Other,3,,1,2023-05-08,2025-05-13,,Anthony Sims; Tad A. Kilbury; J. Gabriel Rustia,0,0
SpaceX,29891289,USD1099084,ANTENNA APPARATUS,,grant,granted,Space Exploration Technologies Corp.,US,2023-05-03,2023,2025-10-21,2025,,Other,6,,1,2023-05-03,2025-10-21,,Anthony Sims; Charbel J. Elian; J. Gabriel Rustia; Heriberto Aguilera; John Blausen; Alberto Aguilera,0,0
SpaceX,29891287,USD1065161,ANTENNA APPARATUS,,grant,granted,Space Exploration Technologies Corp.,US,2023-05-03,2023,2025-03-04,2025,,Other,4,,1,2023-05-03,2025-03-04,,Anthony Sims; Hubbard D. Velie; Christine Oh; Charlie J. Nitschelm,0,0
SpaceX,29890313,USD1058547,NETWORKING DEVICE,,grant,granted,Space Exploration Technologies Corp.,US,2023-04-21,2023,2025-01-21,2025,,Other,4,,1,2023-04-21,2025-01-21,,Amanda Dunn; Christine Oh; Isiah G. Brenner; Krishna Mohan,0,0
SpaceX,18132108,US12348276,ANTENNA APPARATUS AND IN-LINE CALIBRATION SYSTEM FOR SAME,,grant,granted,Space Exploration Technologies Corp.,US,2023-04-07,2023,2025-07-01,2025,H04B17/12|H04B17/15|H04B17/14,Satellite / Wireless Comms,1,,1,2023-04-07,2025-07-01,,Ersin Yetisir,0,0
SpaceX,18123879,US11909506,TILTED EARTH-BASED ANTENNA SYSTEMS AND METHODS OF TILTING FOR COMMUNICATION WITH A SATELLITE SYSTEM,,grant,granted,Space Exploration Technologies Corp.,US,2023-03-20,2023,2024-02-20,2024,H04B7/18519|H04B7/18573|H04B7/18517|H04B7/18536|H04B7/18547|H04B7/18571,Satellite / Wireless Comms,4,,1,2023-03-20,2024-02-20,,Duncan E. Adams; David Milroy; Jonathan François Cornelis Herman; Jessica D. Johnson,0,0
SpaceX,18117853,US12142826,ANTENNA APPARATUS HAVING HEAT DISSIPATION FEATURES,,grant,granted,Space Exploration Technologies Corp.,US,2023-03-06,2023,2024-11-12,2024,H01Q1/428|H01Q1/02|H01Q1/1207|H01Q1/1228|H01Q1/2283|H01Q1/2291|H01Q1/38|H01Q1/42,Antenna Design,6,,1,2023-03-06,2024-11-12,,David Milroy; Duncan E. Adams; Andrea Papi; Scott Kaufman; Ersin Yetisir; Anthony Sims,0,0
SpaceX,18091748,US12273209,POWER DISTRIBUTION OVER ETHERNET CONNECTION,,grant,granted,Space Exploration Technologies Corp.,US,2022-12-30,2022,2025-04-08,2025,H04L12/10|H02H9/02|H02H9/021|H02H9/044|H02J3/02|H04L12/40045|Y02B70/30|Y04S20/20,Satellite / Wireless Comms,6,,1,2022-12-30,2025-04-08,,Joshua S. Salazar; Anno Van den Akker; Robert Ruark; Yong Ren; Bhaskar S. Vadathavoor; Krisztian Bakos,0,0
SpaceX,18091995,US12170409,CROSS-COUPLING MODELING AND COMPENSATION FOR ANTENNA APPARATUS,,grant,granted,Space Exploration Technologies Corp.,US,2022-12-30,2022,2024-12-17,2024,H01Q3/30|H01Q21/065|H01Q1/42|H01Q1/521|H01Q3/2682|H01Q3/38,Antenna Design,4,,1,2022-12-30,2024-12-17,,Eric Pepin; Kim W. Schulze; Ersin Yetisir; Javier Rodriguez De Luis,0,0
SpaceX,29861219,USD1012070,ANTENNA APPARATUS,,grant,granted,Space Exploration Technologies Corp.,US,2022-11-28,2022,2024-01-23,2024,,Other,4,,1,2022-11-28,2024-01-23,,David Milroy; Duncan Edwin Adams; Anthony Sims; J. Gabriel Rustia,0,0
SpaceX,17993606,US12148998,SIGNAL CONDITIONING MODULES IN PHASED ARRAY ANTENNAS,,grant,granted,Space Exploration Technologies Corp.,US,2022-11-23,2022,2024-11-19,2024,H01Q1/2283|H01Q21/08|H01Q1/38|H01Q1/526|H01Q3/26|H01Q3/28|H01Q3/40|H01Q21/061,Antenna Design,3,,1,2022-11-23,2024-11-19,,Trevor Cameron; Javier Rodriguez De Luis; Nil Apaydin,0,0
SpaceX,17983960,US12374772,USER TERMINAL HOUSING,,grant,granted,Space Exploration Technologies Corp.,US,2022-11-09,2022,2025-07-29,2025,F16B7/0413|H01Q1/1242|F16M11/28|H01Q1/42|H01Q1/422|H01Q3/04|H01Q3/08|H01Q3/34,Mechanical Engineering,3,,1,2022-11-09,2025-07-29,,Tad A. Kilbury; Jackson Shaffner; David Milroy,0,0
SpaceX,17983221,US12463333,RADOME ASSEMBLY COUPLING WITH ANTENNA ASSEMBLY,,grant,granted,Space Exploration Technologies Corp.,US,2022-11-08,2022,2025-11-04,2025,H01Q1/38|H01Q1/422|F16B5/0642|H01Q1/002|H01Q1/02|H01Q1/1221|H01Q1/125|H01Q1/24,Antenna Design,6,,1,2022-11-08,2025-11-04,,Charbel J. Elian; David Milroy; Benjamin Eric Alburtus; Jackson Shaffner; Edison S. Conner JR.; Tad A. Kilbury,0,0
SpaceX,17983245,US12334630,RADOME ASSEMBLY HAVING NODELESS CELLS,,grant,granted,Space Exploration Technologies Corp.,US,2022-11-08,2022,2025-06-17,2025,H01Q1/38|H01Q1/422|F16B5/0642|H01Q1/002|H01Q1/02|H01Q1/1221|H01Q1/125|H01Q1/24,Antenna Design,3,,1,2022-11-08,2025-06-17,,Charbel J. Elian; Benjamin Eric Alburtus; David Milroy,0,0
SpaceX,17974064,US11843168,ANTENNA APPARATUS HAVING ANTENNA SPACER,,grant,granted,Space Exploration Technologies Corp.,US,2022-10-26,2022,2023-12-12,2023,H01Q1/428|H01Q1/02|H01Q1/1207|H01Q1/1228|H01Q1/2283|H01Q1/2291|H01Q1/38|H01Q1/42,Antenna Design,3,,1,2022-10-26,2023-12-12,,David Milroy; Duncan E. Adams; Ersin Yetisir,0,0
SpaceX,17946978,US11784408,SYSTEM AND METHOD FOR OVER-THE-AIR ANTENNA CALIBRATION,,grant,granted,Space Exploration Technologies Corp.,US,2022-09-16,2022,2023-10-10,2023,H01Q3/267|H04B17/11|H04B17/12|H01Q1/48|H01Q9/0414|H01Q9/045|H01Q21/065,Antenna Design,1,,1,2022-09-16,2023-10-10,,Ersin Yetisir,0,0
SpaceX,17944041,US11817894,CHANNEL EXTRACTION DIGITAL BEAMFORMING,,grant,granted,Space Exploration Technologies Corp.,US,2022-09-13,2022,2023-11-14,2023,H04B1/16|H04B7/0897|H04B7/08|H04L7/0033,Satellite / Wireless Comms,9,,1,2022-09-13,2023-11-14,,Alireza Mehrnia; Masoud Kahrizi; Alex Ahmad Mirzaei; Bagher Afshar; Ali Sajjadi; Bernd Pregardier; Ka Shun Carson Pun; Omid Nasiby; Igor Elgorriaga,0,0
SpaceX,17941863,US11811476,CHANNEL AGGREGATION DIGITAL BEAMFORMING,,grant,granted,Space Exploration Technologies Corp.,US,2022-09-09,2022,2023-11-07,2023,H04B7/0617|H04B7/0837|H04W72/046,Satellite / Wireless Comms,5,,1,2022-09-09,2023-11-07,,Alireza Mehrnia; Masoud Kahrizi; Ka Shun Carson Pun; Omid Nasiby; Alex Ahmad Mirzaei,0,0
SpaceX,29851272,USD1061486,ANTENNA APPARATUS,,grant,granted,Space Exploration Technologies Corp.,US,2022-08-26,2022,2025-02-11,2025,,Other,6,,1,2022-08-26,2025-02-11,,Jackson Shaffner; Anthony Sims; Michael J. Conte; Victor Q. Dang; David Milroy; Duncan Edwin Adams,0,0
SpaceX,29851273,USD996403,ANTENNA APPARATUS,,grant,granted,Space Exploration Technologies Corp.,US,2022-08-26,2022,2023-08-22,2023,,Other,5,,1,2022-08-26,2023-08-22,,Jackson Shaffner; Ryan Kennett; Anthony Sims; David Milroy; Duncan Edwin Adams,0,0
SpaceX,29851267,USD1065160,ANTENNA APPARATUS,,grant,granted,Space Exploration Technologies Corp.,US,2022-08-26,2022,2025-03-04,2025,,Other,6,,1,2022-08-26,2025-03-04,,Jackson Shaffner; Anthony Sims; Michael J. Conte; Victor Q. Dang; David Milroy; Duncan Edwin Adams,0,0
SpaceX,17895723,US12381315,ANTENNA APPARATUS AND IN-LINE CALIBRATION SYSTEM FOR SAME,,grant,granted,Space Exploration Technologies Corp.,US,2022-08-25,2022,2025-08-05,2025,H01Q3/267|H01Q1/48|H01Q3/2682|H01Q3/36|H01Q3/38|H01Q9/0414|H01Q9/0435|H01Q9/0457,Antenna Design,1,,1,2022-08-25,2025-08-05,,Ersin Yetisir,0,0
SpaceX,17872964,US11716154,NEAR ZERO INTERMEDIATE FREQUENCY (NZIF) COMPENSATION OF LOCAL OSCILLATOR LEAKAGE,,grant,granted,Space Exploration Technologies Corp.,US,2022-07-25,2022,2023-08-01,2023,H04B17/11|H04B17/14|H04B17/12|H04B17/19|H04B17/21|H01Q3/2617|H01Q3/38|H01Q3/42,Satellite / Wireless Comms,4,,1,2022-07-25,2023-08-01,,David Francois Jacquet; Marc Gens; Paul Lee Pearson; Pascal Triaire,0,0
SpaceX,17825993,US11888230,ANTENNA ASSEMBLY INCLUDING FEED SYSTEM HAVING A SUB-REFLECTOR,,grant,granted,Space Exploration Technologies Corp.,US,2022-05-26,2022,2024-01-30,2024,H01Q19/193|H01Q13/02,Antenna Design,4,,1,2022-05-26,2024-01-30,,Anders Jensen; Jinfay Yuan; Sean Holt; Samuel T. Reineman,0,0
SpaceX,17826040,US11901599,WAVEGUIDE ASSEMBLY COMPRISING FIRST AND SECOND WAVEGUIDE PORTIONS JOINED TOGETHER THROUGH A GAP INTERFACE AND COMMUNICATION SYSTEM FORMED THEREFROM,,grant,granted,Space Exploration Technologies Corp.,US,2022-05-26,2022,2024-02-13,2024,H01P1/042|H01P1/161|H01P1/165|H01P3/127|H01P11/002|H01Q15/14|H01Q15/242,Signal Processing,3,,1,2022-05-26,2024-02-13,,Anders Jensen; Samuel T. Reineman; Robert D. Giglio,0,0
SpaceX,17826033,US11843402,INTEGRATED SIGNAL CHAIN FOR AN ANTENNA ASSEMBLY,,grant,granted,Space Exploration Technologies Corp.,US,2022-05-26,2022,2023-12-12,2023,H04B1/0458|H01P3/12|H04B1/036|H04B1/18|H04B7/18515,Satellite / Wireless Comms,2,,1,2022-05-26,2023-12-12,,Anders Jensen; Samuel T. Reineman,0,0
SpaceX,17747895,US11716153,OVER-THE-AIR CALIBRATION OF ANTENNA SYSTEM,,grant,granted,Space Exploration Technologies Corp.,US,2022-05-18,2022,2023-08-01,2023,H04B17/11|H04B17/14|H04B17/12|H04B17/19|H04B17/21|H01Q3/2617|H01Q3/38|H01Q3/42,Satellite / Wireless Comms,9,,1,2022-05-18,2023-08-01,,David Francois Jacquet; Masoud Kahrizi; Robert Baummer JR.; Jean-Noel Rozec; Fabrice Jean André Belvèze; Paul Lee Pearson; Francois Lucien Emile Icher; Marc Gens; Pascal Triaire,0,0
SpaceX,17714081,US11711084,PHASE LOCK LOOP (PLL) SYNCHRONIZATION,,grant,granted,Iliana Ghazali,US,2022-04-05,2022,2023-07-25,2023,H03L7/07|G06F1/10|H01Q3/42|H03L7/1976,Signal Processing,4,,1,2022-04-05,2023-07-25,,David Francois Jacquet; Mostafa Ghazali; Masoud Kahrizi; Andras Tantos,0,0
SpaceX,17707735,US12101069,LOW VOLTAGE VARIABLE GAIN AMPLIFIER WITH LOW PHASE SENSITIVITY,,grant,granted,Space Exploration Technologies Corp.,US,2022-03-29,2022,2024-09-24,2024,H03G3/3036|H04B1/04|H03F3/19|H03F3/45085|H03F2200/451|H03G1/0023|H03G1/0088|H03G3/001,Signal Processing,2,,1,2022-03-29,2024-09-24,,Frederic Duez; Frederic Paillardet,0,0
SpaceX,17703766,US11716110,COMPACT RADIO FREQUENCY COMBINER,,grant,granted,Space Exploration Technologies Corp.,US,2022-03-24,2022,2023-08-01,2023,H04B1/006|H04B1/3805|H04B1/1081|H04B2001/3811,Satellite / Wireless Comms,3,,1,2022-03-24,2023-08-01,,Amir Agah; Eric Pepin; Kim W. Schulze,0,0
SpaceX,17703831,US11652525,SYSTEMS AND METHODS FOR BEAMFORMING IN HYBRID BEAMFORMING ANTENNAS,,grant,granted,Space Exploration Technologies Corp.,US,2022-03-24,2022,2023-05-16,2023,H04B7/0617|H04B17/11|H04B17/12|H04B17/21|H01Q3/36|H01Q21/065|H04B7/0686,Satellite / Wireless Comms,5,,1,2022-03-24,2023-05-16,,Eric Pepin; Kim W. Schulze; Amir Agah; Dean A. De Carli; Philippe Riondet,0,0
SpaceX,17671077,US11665043,DIGITAL PRE-DISTORTION COMPENSATION USING COMBINED DIRECT AND INDIRECT LEARNING,,grant,granted,Space Exploration Technologies Corp.,US,2022-02-14,2022,2023-05-30,2023,H04B1/04|H04L27/367|H03F1/3247|H03F1/3258|H03F1/3294|H03F3/19|H03F3/245|H03F3/68,Satellite / Wireless Comms,2,,1,2022-02-14,2023-05-30,,Martin S. McCormick; Feipeng Wang,0,0
SpaceX,17583654,US11705640,ANTENNA MODULES IN PHASED ARRAY ANTENNAS,,grant,granted,Space Exploration Technologies Corp.,US,2022-01-25,2022,2023-07-18,2023,H01Q1/2283|H01Q21/0087|H01Q5/25|H01Q5/48|H01Q1/38|H01Q3/26|H01Q9/285|H01Q19/108,Antenna Design,5,,1,2022-01-25,2023-07-18,,Javier Rodriguez De Luis; Nil Apaydin; Ersin Yetisir; Alireza Mahanfar; Siamak Ebadi,0,0
SpaceX,17574486,US12065271,PRE-DEPLOYMENT BATTERY POWER CONSERVATION FOR SPACECRAFT,,grant,granted,Space Exploration Technologies Corp.,US,2022-01-12,2022,2024-08-20,2024,B64G1/641|B64G1/643|B64G1/002|B64G1/428|B64G1/66,Spacecraft / Launch Systems,4,,1,2022-01-12,2024-08-20,,Mohammed Faraz Admani; Pieter Buysschaert; Andrew D. Roberts; Garrett P. Simard,0,0
SpaceX,17541062,US12300882,RADOME WITH MELT-PROCESSABLE FLUOROPOLYMER,,grant,granted,Space Exploration Technologies Corp.,US,2021-12-02,2021,2025-05-13,2025,H01Q1/422|C08K3/22|C08K3/40|C08K2003/2241|H01Q21/065,Antenna Design,3,,1,2021-12-02,2025-05-13,,Samuel Belden; Darya Malkova; David Milroy,0,0
SpaceX,17508830,US11799210,ANTENNA MODULES FOR PHASED ARRAY ANTENNAS,,grant,granted,Space Exploration Technologies Corp.,US,2021-10-22,2021,2023-10-24,2023,H01Q9/0414|H01Q21/0025|H01Q1/24|H01Q1/523|H01Q3/26|H01Q3/40|H01Q9/0428|H01Q21/24,Antenna Design,8,,1,2021-10-22,2023-10-24,,Alireza Mahanfar; Souren Shamsinejad; Shaya Karimkashi Arani; Siamak Ebadi; Ersin Yetisir; Peter Sung Tri Hoang; Javier Rodriguez De Luis; Nil Apaydin,0,0
SpaceX,17499421,US11943042,APPARATUSES AND METHODS FOR FACILITATING SATELLITE VISIBILITY FOR EARTH-BASED ANTENNA SYSTEMS,,grant,granted,Space Exploration Technologies Corp.,US,2021-10-12,2021,2024-03-26,2024,H04B7/18513|H04B7/18517|H04B7/18558,Satellite / Wireless Comms,6,,1,2021-10-12,2024-03-26,,Thomas Laurance Robinson; Calder Christiansen Foster Coalson; Jared Michael Greene; Steven Douglas Gregory; Elliott MacDonald Schwartz; Aidan Bauer,0,0
SpaceX,17478599,US11677538,CHIP TO CHIP TIME SYNCHRONIZATION,,grant,granted,Space Exploration Technologies Corp.,US,2021-09-17,2021,2023-06-13,2023,G06F1/04|H04L7/0331|H01Q1/24|H01Q1/28|H01Q3/28|H01Q3/36|H01Q21/065,Computing / Software,3,,1,2021-09-17,2023-06-13,,Andras Tantos; David Francois Jacquet; Mario Toma,0,0
SpaceX,17471098,US11606134,BEAMFORMER LATTICE FOR PHASED ARRAY ANTENNAS,,grant,granted,Space Exploration Technologies Corp.,US,2021-09-09,2021,2023-03-14,2023,H04B7/0617|H04B7/086|H01P5/12|H01Q1/38|H01Q21/0025|H01Q21/061|H01Q21/20|H01Q21/22,Satellite / Wireless Comms,4,,1,2021-09-09,2023-03-14,,Nil Apaydin; Chiara Pelletti; Souren Shamsinejad; Alireza Mahanfar,0,0
SpaceX,17405552,US11735818,ONE-DIMENSIONAL PHASED ARRAY ANTENNA AND METHODS OF STEERING SAME,,grant,granted,Space Exploration Technologies Corp.,US,2021-08-18,2021,2023-08-22,2023,H01Q3/34|H04B7/195,Antenna Design,3,,1,2021-08-18,2023-08-22,,Daniel A. Dueri; Raymond Tyler Rowe; Robert Baummer Jr.,0,0
SpaceX,17401208,US11329653,PHASE LOCK LOOP (PLL) SYNCHRONIZATION,,grant,granted,Iliana Ghazali,US,2021-08-12,2021,2022-05-10,2022,H03L7/07|G06F1/10|H01Q3/42|H03L7/1976,Signal Processing,4,,1,2021-08-12,2022-05-10,,David Francois Jacquet; Mostafa Ghazali; Masoud Kahrizi; Andras Tantos,0,0
SpaceX,29797929,USD992540,NETWORKING DEVICE,,grant,granted,Space Exploration Technologies Corp.,US,2021-07-03,2021,2023-07-18,2023,,Other,4,,1,2021-07-03,2023-07-18,,Anthony Sims; J. Gabriel Rustia; Daniel Cykman; Aman Thomas,0,0
SpaceX,17367175,US11489252,SYSTEM AND METHOD FOR OVER-THE-AIR ANTENNA CALIBRATION,,grant,granted,Space Exploration Technologies Corp.,US,2021-07-02,2021,2022-11-01,2022,H01Q3/267|H04B17/11|H04B17/12|H01Q1/48|H01Q9/0414|H01Q9/045|H01Q21/065,Antenna Design,1,,1,2021-07-02,2022-11-01,,Ersin Yetisir,0,0
SpaceX,17367140,US12218434,STACK PATCH ANTENNA ASSEMBLY,,grant,granted,Space Exploration Technologies Corp.,US,2021-07-02,2021,2025-02-04,2025,H01Q3/267|H04B17/11|H04B17/12|H01Q1/48|H01Q9/0414|H01Q9/045|H01Q21/065,Antenna Design,1,,1,2021-07-02,2025-02-04,,Ersin Yetisir,0,0
SpaceX,17339807,US12177009,SYSTEM AND METHOD OF PROVIDING A RADIO LINK CONTROL SUBLAYER,,grant,granted,Space Exploration Technologies Corp.,US,2021-06-04,2021,2024-12-24,2024,H04L1/0025|H04W80/02|H04L1/1825|H04W28/065|H04W84/06,Satellite / Wireless Comms,4,,1,2021-06-04,2024-12-24,,Jeffrey A. Gardner; Yashodhan Dandekar; Ramakrishna Akella; Khasim Shaheed Shaik Mahammad,0,0
SpaceX,17339913,US11695222,ANTENNA APERTURE IN PHASED ARRAY ANTENNA SYSTEMS,,grant,granted,Space Exploration Technologies Corp.,US,2021-06-04,2021,2023-07-04,2023,H01Q21/065|H01Q21/24|H01Q5/42|H01Q1/36|H01Q3/26|H01Q21/0018,Antenna Design,5,,1,2021-06-04,2023-07-04,,Alireza Mahanfar; Javier Rodriguez De Luis; Nil Apaydin; Ersin Yetisir; Shaya Karimkashi Arani,0,0
SpaceX,17339860,US11924821,TIMING HALF-DUPLEX TRANSMISSIONS,,grant,granted,Space Exploration Technologies Corp.,US,2021-06-04,2021,2024-03-05,2024,H04B7/18513|H04W72/121|H04L5/16|H04W56/0045|H04W56/0055|H04W72/1273,Satellite / Wireless Comms,3,,1,2021-06-04,2024-03-05,,Peter J. Worters; Martin S. McCormick; Andrew G. Whitlow,0,0
SpaceX,17339890,US11985611,SYNCHRONIZATION OF MULTI-USER UPLINK TRANSMISSIONS,,grant,granted,Space Exploration Technologies Corp.,US,2021-06-04,2021,2024-05-14,2024,H04W56/0005|H04L5/0007|H04W4/027|H04W56/0045|H04W56/0055|H04W56/006|H04W84/06,Satellite / Wireless Comms,3,,1,2021-06-04,2024-05-14,,Peter J. Worters; Martin S. McCormick; Matthew J. Monson,0,0
SpaceX,17338518,US11792832,SYSTEM AND METHOD OF PROVIDING AN ADAPTIVE MODULATION AND CODING SCHEME,,grant,granted,Space Exploration Technologies Corp.,US,2021-06-03,2021,2023-10-17,2023,H04B17/336|H04W72/54|H04B17/382|H04W72/21|H04B7/18543|H04L1/0003|H04L1/0009|H04L1/203,Satellite / Wireless Comms,7,,1,2021-06-03,2023-10-17,,Jayasuryan V. Iyer; Yashodhan Dandekar; Khasim Shaheed Shaik Mahammad; Ramakrishna Akella; Chen Chen; Phillip E. Barber; Peter J. Worters,0,0
SpaceX,17338522,US11800552,SYSTEM AND METHOD OF PROVIDING A MEDIUM ACCESS CONTROL SCHEDULER,,grant,granted,Space Exploration Technologies Corp.,US,2021-06-03,2021,2023-10-24,2023,H04W72/543|H04W72/1268|H04W72/23|H04B7/1851|H04B7/1853|H04L1/0003|H04L1/0009,Satellite / Wireless Comms,7,,1,2021-06-03,2023-10-24,,Jayasuryan V. Iyer; Khasim Shaheed Shaik Mahammad; Yashodhan Dandekar; Ramakrishna Akella; Chen Chen; Phillip E. Barber; Peter J. Worters,0,0
SpaceX,17337218,US11949496,LOW LATENCY SCHEDULE-DRIVEN HANDOVERS,,grant,granted,Space Exploration Technologies Corp.,US,2021-06-02,2021,2024-04-02,2024,H04B7/18513|H04B7/18541|H04W36/085|H04W36/0016|H04W36/023|H04W36/08|H04W88/16,Satellite / Wireless Comms,10,,1,2021-06-02,2024-04-02,,Chen Chen; Pavel Chikulaev; Sergii Ziuzin; David Sacks; Peter J. Worters; Darshan Purohit; Yashodhan Dandekar; Vladimir Skuratovich; Andrei Pushkin; Phillip E. Barber,0,0
SpaceX,17337214,US11729684,LOW LATENCY SCHEDULE-DRIVEN HANDOVERS,,grant,granted,Space Exploration Technologies Corp.,US,2021-06-02,2021,2023-08-15,2023,H04B7/18513|H04W36/06|H04W36/083|H04W36/085|H04B7/0695|H04B7/18519|H04B7/18541|H04B7/2041,Satellite / Wireless Comms,10,,1,2021-06-02,2023-08-15,,Chen Chen; Pavel Chikulaev; Sergii Ziuzin; David Sacks; Peter J. Worters; Darshan Purohit; Yashodhan Dandekar; Vladimir Skuratovich; Andrei Pushkin; Phillip E. Barber,0,0
SpaceX,17334546,US11757526,INITIAL NETWORK ENTRY TO A COMMUNICATIONS SYSTEM,,grant,granted,Space Exploration Technologies Corp.,US,2021-05-28,2021,2023-09-12,2023,H04B7/18513|H04W72/21|H04L1/0003|H04L5/0007|H04W74/004|H04W74/0833|H04W84/06,Satellite / Wireless Comms,7,,1,2021-05-28,2023-09-12,,Chen Chen; Darshan Purohit; Yashodhan Dandekar; Pavel Chikulaev; David Sacks; Peter J. Worters; Phillip E. Barber,0,0
SpaceX,17333809,US12137354,DETERMINATION OF SPATIAL ORIENTATION,,grant,granted,Space Exploration Technologies Corp.,US,2021-05-28,2021,2024-11-05,2024,H04B7/043|H04B17/318|G01S3/56|H04B7/0617|H04B7/0634|H04B7/18513|H04B7/2041|H04W16/28,Satellite / Wireless Comms,1,,1,2021-05-28,2024-11-05,,Martin S. McCormick,0,0
SpaceX,17333818,US11881914,DETERMINATION OF ELECTRONIC BEAM STEERING ANGLES,,grant,granted,Space Exploration Technologies Corp.,US,2021-05-28,2021,2024-01-23,2024,H04B7/043|H04B17/318|G01S3/56|H04B7/0617|H04B7/0634|H04B7/18513|H04B7/2041|H04W16/28,Satellite / Wireless Comms,1,,1,2021-05-28,2024-01-23,,Martin S. McCormick,0,0
SpaceX,17332960,US11546179,POWER DISTRIBUTION OVER ETHERNET CONNECTION,,grant,granted,Space Exploration Technologies Corp.,US,2021-05-27,2021,2023-01-03,2023,H04L12/10|H02H9/02|H02H9/021|H02H9/044|H02J3/02|H04L12/40045|Y02B70/30|Y04S20/20,Satellite / Wireless Comms,6,,1,2021-05-27,2023-01-03,,Joshua S. Salazar; Anno Van den Akker; Robert Ruark; Yong Ren; Bhaskar S. Vadathavoor; Krisztian Bakos,0,0
SpaceX,17245515,US11862837,HIERARCHICAL NETWORK SIGNAL ROUTING APPARATUS AND METHOD,,grant,granted,Space Exploration Technologies Corp.,US,2021-04-30,2021,2024-01-02,2024,H01P5/19|H01Q3/40,Signal Processing,4,,1,2021-04-30,2024-01-02,,Souren Shamsinejad; Javier Rodriguez De Luis; Nil Apaydin; Alireza Mahanfar,0,0
SpaceX,17237031,US11469517,ANTENNA MODULES FOR PHASED ARRAY ANTENNAS,,grant,granted,Space Exploration Technologies Corp.,US,2021-04-21,2021,2022-10-11,2022,H01Q9/0414|H01Q21/0025|H01Q1/24|H01Q1/523|H01Q3/26|H01Q3/40|H01Q9/0428|H01Q21/24,Antenna Design,8,,1,2021-04-21,2022-10-11,,Alireza Mahanfar; Souren Shamsinejad; Shaya Karimkashi Arani; Siamak Ebadi; Ersin Yetisir; Peter Sung Tri Hoang; Javier Rodriguez De Luis; Nil Apaydin,0,0
SpaceX,17230659,US11671162,CROSS-POLARIZATION INTERFERENCE COMPENSATION,,grant,granted,Space Exploration Technologies Corp.,US,2021-04-14,2021,2023-06-06,2023,H04B1/126|H04B7/0845|H04B7/002|H04B7/10|H04L5/14,Satellite / Wireless Comms,1,,1,2021-04-14,2023-06-06,,Martin S. McCormick,0,0
SpaceX,29777158,USD1024036,ANTENNA APPARATUS,,grant,granted,Space Exploration Technologies Corp.,US,2021-04-02,2021,2024-04-23,2024,,Other,3,,1,2021-04-02,2024-04-23,,Anthony Sims; Tad A. Kilbury; J. Gabriel Rustia,0,0
SpaceX,29777155,USD1011324,ANTENNA APPARATUS,,grant,granted,Space Exploration Technologies Corp.,US,2021-04-02,2021,2024-01-16,2024,,Other,3,,1,2021-04-02,2024-01-16,,Anthony Sims; Tad A. Kilbury; J. Gabriel Rustia,0,0
SpaceX,29777163,USD989750,ANTENNA APPARATUS,,grant,granted,Space Exploration Technologies Corp.,US,2021-04-02,2021,2023-06-20,2023,,Other,3,,1,2021-04-02,2023-06-20,,Anthony Sims; Tad A. Kilbury; J. Gabriel Rustia,0,0
SpaceX,17193633,US11483021,CHANNEL EXTRACTION DIGITAL BEAMFORMING,,grant,granted,Space Exploration Technologies Corp.,US,2021-03-05,2021,2022-10-25,2022,H04B1/16|H04B7/0897|H04B7/08|H04L7/0033,Satellite / Wireless Comms,9,,1,2021-03-05,2022-10-25,,Alireza Mehrnia; Masoud Kahrizi; Alex Ahmad Mirzaei; Bagher Afshar; Ali Sajjadi; Bernd Pregardier; Ka Shun Carson Pun; Omid Nasiby; Igor Elgorriaga,0,0
SpaceX,17186627,US12088398,CONFIGURABLE ORTHOGONAL FREQUENCY DIVISION MULTIPLEXING (OFDM) SIGNAL AND TRANSMITTER AND RECEIVER FOR SAME,,grant,granted,Space Exploration Technologies Corp.,US,2021-02-26,2021,2024-09-10,2024,H04L5/0048|H04L25/0202|H04B7/1851|H04B7/18513|H04B7/18517|H04L5/001|H04L27/0014|H04L27/2636,Satellite / Wireless Comms,8,,1,2021-02-26,2024-09-10,,Martin S. McCormick; Torbjorn Larsson; Alazar Tamrat; Jeffrey C. Strait; Chen Chen; Philip J. Treigherman; Stephan O. Roche; Ronald Gottula,0,0
SpaceX,17187607,US11469802,CHANNEL AGGREGATION DIGITAL BEAMFORMING,,grant,granted,Space Exploration Technologies Corp.,US,2021-02-26,2021,2022-10-11,2022,H04B7/0617|H04B7/0837|H04W72/046,Satellite / Wireless Comms,5,,1,2021-02-26,2022-10-11,,Alireza Mehrnia; Masoud Kahrizi; Ka Shun Carson Pun; Omid Nasiby; Alex Ahmad Mirzaei,0,0
SpaceX,17186657,US12003350,CONFIGURABLE ORTHOGONAL FREQUENCY DIVISION MULTIPLEXING (OFDM) SIGNAL AND TRANSMITTER AND RECEIVER FOR USER TERMINAL TO SATELLITE UPLINK COMMUNICATIONS,,grant,granted,Space Exploration Technologies Corp.,US,2021-02-26,2021,2024-06-04,2024,H04L5/0048|H04L25/0202|H04B7/1851|H04B7/18513|H04B7/18517|H04L5/001|H04L27/0014|H04L27/2636,Satellite / Wireless Comms,8,,1,2021-02-26,2024-06-04,,Martin S. McCormick; Torbjorn Larsson; Alazar Tamrat; Jeffrey C. Strait; Chen Chen; Philip J. Treigherman; Stephan O. Roche; Ronald Gottula,0,0
SpaceX,17186579,US12244396,CONFIGURABLE ORTHOGONAL FREQUENCY DIVISION MULTIPLEXING (OFDM) SIGNAL AND TRANSMITTER AND RECEIVER FOR SATELLITE TO GATEWAY UPLINK AND DOWNLINK COMMUNICATIONS,,grant,granted,Space Exploration Technologies Corp.,US,2021-02-26,2021,2025-03-04,2025,H04L5/0048|H04L25/0202|H04B7/1851|H04B7/18513|H04B7/18517|H04L5/001|H04L27/0014|H04L27/2636,Satellite / Wireless Comms,8,,1,2021-02-26,2025-03-04,,Martin S. McCormick; Torbjorn Larsson; Alazar Tamrat; Jeffrey C. Strait; Chen Chen; Philip J. Treigherman; Stephan O. Roche; Ronald Gottula,0,0
SpaceX,17186706,US12074683,CONFIGURABLE ORTHOGONAL FREQUENCY DIVISION MULTIPLEXING (OFDM) SIGNAL AND TRANSMITTER AND RECEIVER FOR SATELLITE TO USER TERMINAL DOWNLINK COMMUNICATIONS,,grant,granted,Space Exploration Technologies Corp.,US,2021-02-26,2021,2024-08-27,2024,H04L5/0048|H04L25/0202|H04B7/1851|H04B7/18513|H04B7/18517|H04L5/001|H04L27/0014|H04L27/2636,Satellite / Wireless Comms,8,,1,2021-02-26,2024-08-27,,Martin S. McCormick; Torbjorn Larsson; Alazar Tamrat; Jeffrey C. Strait; Chen Chen; Philip J. Treigherman; Stephan O. Roche; Ronald Gottula,0,0
SpaceX,17185427,US11671123,DIGITAL PRE-DISTORTION COMPENSATION IN A WIRELESS COMMUNICATIONS SYSTEM,,grant,granted,Space Exploration Technologies Corp.,US,2021-02-25,2021,2023-06-06,2023,H04B1/04|H04L27/367|H03F1/3247|H03F1/3258|H03F1/3294|H03F3/19|H03F3/245|H03F3/68,Satellite / Wireless Comms,2,,1,2021-02-25,2023-06-06,,Martin S. McCormick; Feipeng Wang,0,0
SpaceX,17185501,US11283666,STOCHASTIC DIGITAL PRE-DISTORTION COMPENSATION IN A WIRELESS COMMUNICATIONS SYSTEM,,grant,granted,Space Exploration Technologies Corp.,US,2021-02-25,2021,2022-03-22,2022,H04B1/04|H04L27/367|H03F1/3247|H03F1/3258|H03F1/3294|H03F3/19|H03F3/245|H03F3/68,Satellite / Wireless Comms,2,,1,2021-02-25,2022-03-22,,Martin S. McCormick; Feipeng Wang,0,0
SpaceX,17149496,US11563270,CROSS-COUPLING MODELING AND COMPENSATION FOR ANTENNA APPARATUS,,grant,granted,Space Exploration Technologies Corp.,US,2021-01-14,2021,2023-01-24,2023,H01Q3/30|H01Q21/065|H01Q1/42|H01Q1/521|H01Q3/2682|H01Q3/38,Antenna Design,4,,1,2021-01-14,2023-01-24,,Eric Pepin; Kim W. Schulze; Ersin Yetisir; Javier Rodriguez De Luis,0,0
SpaceX,17102324,US11479372,SATELLITE CONSTELLATIONS,,grant,granted,Space Exploration Technologies Corp.,US,2020-11-23,2020,2022-10-25,2022,B64G1/1085|B64G1/245|B64G1/242|B64G3/00,Spacecraft / Launch Systems,4,,1,2020-11-23,2022-10-25,,Jonathan F.C. Herman; Stephen Mance; Paul A. Forquera; Mark Krebs,0,0
SpaceX,17094409,US11834205,SPACECRAFT CHASSIS AND COMPONENT CONFIGURATION,,grant,granted,Space Exploration Technologies Corp.,US,2020-11-10,2020,2023-12-05,2023,B64G1/428|B64G1/10|B64G1/425|B64G1/50|B64G1/503|B64G1/506|B64G1/58|B64G1/66,Spacecraft / Launch Systems,5,,1,2020-11-10,2023-12-05,,Joshua A. Dunford; Garrett P. Simard; Samuel T. Reineman; McKenzie W. Read; Brent Crabtree,0,0
SpaceX,17065707,US11658384,ANTENNA APPARATUS MOUNTING SYSTEM,,grant,granted,Space Exploration Technologies Corp.,US,2020-10-08,2020,2023-05-23,2023,H01Q1/1242|H01Q1/1235|H01Q1/1264,Antenna Design,2,,1,2020-10-08,2023-05-23,,Ryan Kennett; Anthony Sims,0,0
SpaceX,17065743,US11901606,PAN/TILT ASSEMBLY FOR ANTENNA APPARATUS,,grant,granted,Space Exploration Technologies Corp.,US,2020-10-08,2020,2024-02-13,2024,H01Q1/125|H01Q3/08|F16M11/126|F16M11/18,Antenna Design,2,,1,2020-10-08,2024-02-13,,Erik N. Littleton; Duncan Edwin Adams,0,0
SpaceX,17035560,US11527850,CONNECTOR BACKSHELL ASSEMBLY,,grant,granted,Space Exploration Technologies Corp.,US,2020-09-28,2020,2022-12-13,2022,H01R13/62938|H01R13/506|H01R13/5221|H01R13/582|H01R13/62955|H01R43/005,Other,2,,1,2020-09-28,2022-12-13,,Jeremy C. Wright; Kristina T.T. Kellogg,0,0
SpaceX,17013733,US11239553,UNI-DIMENSIONAL STEERING OF PHASED ARRAY ANTENNAS,,grant,granted,Space Exploration Technologies Corp.,US,2020-09-07,2020,2022-02-01,2022,H01Q3/34|H01Q15/02|H01Q15/14|H01Q21/061,Antenna Design,1,,1,2020-09-07,2022-02-01,,Alireza Mahanfar,0,0
SpaceX,16927833,US11237242,SYSTEM AND METHOD OF PROVIDING MULTIPLE ANTENNAS TO TRACK SATELLITE MOVEMENT,,grant,granted,Space Exploration Technologies Corp.,US,2020-07-13,2020,2022-02-01,2022,G01S5/0269|G01S5/0045|G01S5/0226|H04B7/1851,Remote Sensing / GPS,2,,1,2020-07-13,2022-02-01,,James Alexander Morris Tuchel; Andrew Louis Burks,0,0
SpaceX,29741092,USD962908,ANTENNA APPARATUS,,grant,granted,Space Exploration Technologies Corp.,US,2020-07-09,2020,2022-09-06,2022,,Other,6,,1,2020-07-09,2022-09-06,,Jackson Shaffner; Anthony Sims; Michael J. Conte; Victor Q. Dang; David Milroy; Duncan Edwin Adams,0,0
SpaceX,16892231,US11322833,ANTENNA APPARATUS HAVING FASTENER SYSTEM,,grant,granted,Space Exploration Technologies Corp.,US,2020-06-03,2020,2022-05-03,2022,H01Q1/428|H01Q1/02|H01Q1/1207|H01Q1/1228|H01Q1/2283|H01Q1/2291|H01Q1/38|H01Q1/42,Antenna Design,3,,1,2020-06-03,2022-05-03,,David Milroy; Victor Q. Dang; Michael J. Conte,0,0
SpaceX,16892223,US11611392,TILTED EARTH-BASED ANTENNA SYSTEMS AND METHODS OF TILTING FOR COMMUNICATION WITH A SATELLITE SYSTEM,,grant,granted,Space Exploration Technologies Corp.,US,2020-06-03,2020,2023-03-21,2023,H04B7/18519|H04B7/18573|H04B7/18517|H04B7/18536|H04B7/18547|H04B7/18571,Satellite / Wireless Comms,4,,1,2020-06-03,2023-03-21,,Duncan E. Adams; David Milroy; Jonathan François Cornelis Herman; Jessica D. Johnson,0,0
SpaceX,16892246,US11600915,ANTENNA APPARATUS HAVING HEAT DISSIPATION FEATURES,,grant,granted,Space Exploration Technologies Corp.,US,2020-06-03,2020,2023-03-07,2023,H01Q1/428|H01Q1/02|H01Q1/1207|H01Q1/1228|H01Q1/2283|H01Q1/2291|H01Q1/38|H01Q1/42,Antenna Design,6,,1,2020-06-03,2023-03-07,,David Milroy; Duncan E. Adams; Andrea Papi; Scott Kaufman; Ersin Yetisir; Anthony Sims,0,0
SpaceX,16892237,US12237575,ANTENNA APPARATUS HAVING RADOME SPACING,,grant,granted,Space Exploration Technologies Corp.,US,2020-06-03,2020,2025-02-25,2025,H01Q1/428|H01Q1/02|H01Q1/1207|H01Q1/1228|H01Q1/2283|H01Q1/2291|H01Q1/38|H01Q1/42,Antenna Design,4,,1,2020-06-03,2025-02-25,,Ersin Yetisir; Trevor Cameron; David Milroy; Duncan E. Adams,0,0
SpaceX,16892282,US11652286,ANTENNA APPARATUS HAVING ADHESIVE COUPLING,,grant,granted,Space Exploration Technologies Corp.,US,2020-06-03,2020,2023-05-16,2023,H01Q1/02|H01Q1/428|H01Q1/1207|H01Q1/1228|H01Q1/125|H01Q1/2283|H01Q1/2291|H01Q1/38,Antenna Design,2,,1,2020-06-03,2023-05-16,,David Milroy; Samuel Belden,0,0
SpaceX,16892235,US11509048,ANTENNA APPARATUS HAVING ANTENNA SPACER,,grant,granted,Space Exploration Technologies Corp.,US,2020-06-03,2020,2022-11-22,2022,H01Q1/428|H01Q1/02|H01Q1/1207|H01Q1/1228|H01Q1/2283|H01Q1/2291|H01Q1/38|H01Q1/42,Antenna Design,3,,1,2020-06-03,2022-11-22,,David Milroy; Duncan E. Adams; Ersin Yetisir,0,0
SpaceX,16892239,US12355148,ANTENNA APPARATUS HAVING CHASSIS PORTION,,grant,granted,Space Exploration Technologies Corp.,US,2020-06-03,2020,2025-07-08,2025,H01Q1/428|H01Q1/02|H01Q1/1207|H01Q1/1228|H01Q1/2283|H01Q1/2291|H01Q1/38|H01Q1/42,Antenna Design,2,,1,2020-06-03,2025-07-08,,Duncan E. Adams; David Milroy,0,0
SpaceX,16874257,US11958638,SPACECRAFT SOLAR ARRAY BIASING AND TENSIONING SYSTEM,,grant,granted,Space Exploration Technologies Corp.,US,2020-05-14,2020,2024-04-16,2024,B64G1/443|B64G1/22|B64G1/222|B64G1/44,Spacecraft / Launch Systems,2,,1,2020-05-14,2024-04-16,,Whitcomb T. Ratcliff; Joseph Fitzgerald,0,0
SpaceX,15931531,US11431092,NEAR ZERO INTERMEDIATE FREQUENCY (NZIF) COMPENSATION OF LOCAL OSCILLATOR LEAKAGE,,grant,granted,Space Exploration Technologies Corp.,US,2020-05-13,2020,2022-08-30,2022,H04B17/11|H04B17/14|H04B17/12|H04B17/19|H04B17/21|H01Q3/2617|H01Q3/38|H01Q3/42,Satellite / Wireless Comms,4,,1,2020-05-13,2022-08-30,,David Francois Jacquet; Marc Gens; Paul Lee Pearson; Pascal Triaire,0,0
SpaceX,15931443,US11362742,OVER-THE-AIR CALIBRATION OF ANTENNA SYSTEM,,grant,granted,Space Exploration Technologies Corp.,US,2020-05-13,2020,2022-06-14,2022,H04B17/11|H04B17/14|H04B17/12|H04B17/19|H04B17/21|H01Q3/2617|H01Q3/38|H01Q3/42,Satellite / Wireless Comms,9,,1,2020-05-13,2022-06-14,,David Francois Jacquet; Masoud Kahrizi; Robert Baummer JR.; Jean-Noel Rozec; Fabrice Jean André Belvèze; Paul Lee Pearson; Francois Lucien Emile Icher; Marc Gens; Pascal Triaire,0,0
SpaceX,15930415,US11254451,PRE-DEPLOYMENT BATTERY POWER CONSERVATION FOR SPACECRAFT,,grant,granted,Space Exploration Technologies Corp.,US,2020-05-12,2020,2022-02-22,2022,B64G1/641|B64G1/643|B64G1/002|B64G1/428|B64G1/66,Spacecraft / Launch Systems,4,,1,2020-05-12,2022-02-22,,Mohammed Faraz Admani; Pieter Buysschaert; Andrew D. Roberts; Garrett P. Simard,0,0
SpaceX,16870974,US11878820,"METHOD FOR STACKING, SECURING, AND RELEASING A SPACECRAFT STACK ASSEMBLY FROM A ROCKET",,grant,granted,Space Exploration Technologies Corp.,US,2020-05-10,2020,2024-01-23,2024,B64G1/643|B64G1/2427|B64G1/223|B64G1/226|B64G1/40|B64G1/645,Spacecraft / Launch Systems,6,,1,2020-05-10,2024-01-23,,Andrew C. Thompson; Patrick Sodt; Thomas Tarlton; Robert S. Tarlton; Solomon Westerman; Michael Dergance,0,0
SpaceX,16870975,US11787572,"SPACECRAFT STACK ASSEMBLY CONFIGURED FOR STACKING, SECURING, AND RELEASING SPACECRAFT",,grant,granted,Space Exploration Technologies Corp.,US,2020-05-10,2020,2023-10-17,2023,B64G1/2427|B64G1/645|B64G1/223|B64G1/643|B64G1/226|B64G1/40|B64G1/641,Spacecraft / Launch Systems,5,,1,2020-05-10,2023-10-17,,Andrew C. Thompson; Patrick Sodt; Thomas Tarlton; Robert S. Tarlton; Michael Dergance,0,0
SpaceX,29733961,USD948491,NETWORKING DEVICE,,grant,granted,Space Exploration Technologies Corp.,US,2020-05-07,2020,2022-04-12,2022,,Other,5,,1,2020-05-07,2022-04-12,,Anthony Sims; Bhaskar S. Vadathavoor; Young Jun Song; Javier Verdura; Remy D. Labesque,0,0
SpaceX,16865400,US10938465,CHANNEL AGGREGATION DIGITAL BEAMFORMING,,grant,granted,Space Exploration Technologies Corp.,US,2020-05-03,2020,2021-03-02,2021,H04B7/0617|H04B7/0837|H04W72/046,Satellite / Wireless Comms,5,,1,2020-05-03,2021-03-02,,Alireza Mehrnia; Masoud Kahrizi; Ka Shun Carson Pun; Omid Nasiby; Alex Ahmad Mirzaei,0,0
SpaceX,16865402,US10944442,CHANNEL EXTRACTION DIGITAL BEAMFORMING,,grant,granted,Space Exploration Technologies Corp.,US,2020-05-03,2020,2021-03-09,2021,H04B1/16|H04B7/0897|H04B7/08|H04L7/0033,Satellite / Wireless Comms,9,,1,2020-05-03,2021-03-09,,Alireza Mehrnia; Masoud Kahrizi; Alex Ahmad Mirzaei; Bagher Afshar; Ali Sajjadi; Bernd Pregardier; Ka Shun Carson Pun; Omid Nasiby; Igor Elgorriaga,0,0
SpaceX,16865401,US11855362,HALF DUPLEX MODE DIGITAL BEAMFORMING DEVICE,,grant,granted,Space Exploration Technologies Corp.,US,2020-05-03,2020,2023-12-26,2023,H01Q3/36|H04B3/52|H01Q3/267|H04B3/54|H04B7/0617,Antenna Design,8,,1,2020-05-03,2023-12-26,,Masoud Kahrizi; Alex Ahmad Mirzaei; Ali Sajjadi; Bagher Afshar; Babak Vakili-Amini; Alireza Mehrnia; Behzad Nourani; Bernd Pregardier,0,0
SpaceX,16858675,US11133806,PHASE LOCK LOOP (PLL) SYNCHRONIZATION,,grant,granted,Space Exploration Technologies Corp.,US,2020-04-26,2020,2021-09-28,2021,H03L7/07|G06F1/10|H01Q3/42|H03L7/1976,Signal Processing,4,,1,2020-04-26,2021-09-28,,David Francois Jacquet; Mostafa Ghazali; Masoud Kahrizi; Andras Tantos,0,0
SpaceX,16858691,US11309638,ANTENNA MODULES IN PHASED ARRAY ANTENNAS,,grant,granted,Space Exploration Technologies Corp.,US,2020-04-26,2020,2022-04-19,2022,H01Q1/2283|H01Q21/0087|H01Q5/25|H01Q5/48|H01Q1/38|H01Q3/26|H01Q9/285|H01Q19/108,Antenna Design,5,,1,2020-04-26,2022-04-19,,Javier Rodriguez De Luis; Nil Apaydin; Ersin Yetisir; Alireza Mahanfar; Siamak Ebadi,0,0
SpaceX,16858673,US11153067,CHIP TO CHIP TIME SYNCHRONIZATION,,grant,granted,Space Exploration Technologies Corp.,US,2020-04-26,2020,2021-10-19,2021,G06F1/04|H04L7/0331|H01Q1/24|H01Q1/28|H01Q3/28|H01Q3/36|H01Q21/065,Computing / Software,3,,1,2020-04-26,2021-10-19,,Andras Tantos; David Francois Jacquet; Mario Toma,0,0
SpaceX,29720094,USD962907,ANTENNA APPARATUS,,grant,granted,Space Exploration Technologies Corp.,US,2020-01-09,2020,2022-09-06,2022,,Other,3,,1,2020-01-09,2022-09-06,,Jackson Shaffner; Anthony Sims; Ryan Kennett,0,0
SpaceX,29720092,USD986228,ANTENNA APPARATUS,,grant,granted,Space Exploration Technologies Corp.,US,2020-01-09,2020,2023-05-16,2023,,Other,6,,1,2020-01-09,2023-05-16,,Jackson Shaffner; Anthony Sims; Ryan Kennett; Michael J. Conte; Victor Q. Dang; Duncan Edwin Adams,0,0
SpaceX,29720089,USD962906,ANTENNA APPARATUS,,grant,granted,Space Exploration Technologies Corp.,US,2020-01-09,2020,2022-09-06,2022,,Other,5,,1,2020-01-09,2022-09-06,,Jackson Shaffner; Ryan Kennett; Anthony Sims; David Milroy; Duncan Edwin Adams,0,0
SpaceX,29720091,USD962206,ANTENNA APPARATUS,,grant,granted,Space Exploration Technologies Corp.,US,2020-01-09,2020,2022-08-30,2022,,Other,6,,1,2020-01-09,2022-08-30,,Jackson Shaffner; Anthony Sims; Michael J. Conte; Victor Q. Dang; David Milroy; Duncan Edwin Adams,0,0
SpaceX,29720096,USD963623,ANTENNA APPARATUS,,grant,granted,Space Exploration Technologies Corp.,US,2020-01-09,2020,2022-09-13,2022,,Other,7,,1,2020-01-09,2022-09-13,,Jackson Shaffner; Anthony Sims; Michael J. Conte; Victor Q. Dang; David Milroy; Duncan Edwin Adams; Ryan Kennett,0,0
SpaceX,29693569,USD976242,ANTENNA APPARATUS,,grant,granted,Space Exploration Technologies Corp.,US,2019-06-03,2019,2023-01-24,2023,,Other,5,,1,2019-06-03,2023-01-24,,David Milroy; Duncan Edwin Adams; Keith Richard Miller; Anthony Sims; J Gabriel Rustia,0,0
SpaceX,29693564,USD971900,ANTENNA APPARATUS,,grant,granted,Space Exploration Technologies Corp.,US,2019-06-03,2019,2022-12-06,2022,,Other,3,,1,2019-06-03,2022-12-06,,David Milroy; Anthony Sims; J Gabriel Rustia,0,0
SpaceX,29693568,USD971192,ANTENNA APPARATUS,,grant,granted,Space Exploration Technologies Corp.,US,2019-06-03,2019,2022-11-29,2022,,Other,4,,1,2019-06-03,2022-11-29,,David Milroy; Duncan Edwin Adams; Anthony Sims; J Gabriel Rustia,0,0
SpaceX,16404979,US11377519,HIGH GLASS TRANSITION TEMPERATURE EPOXY FORMULATIONS FOR CRYOGENIC APPLICATIONS,,grant,granted,Space Exploration Technologies Corp.,US,2019-05-07,2019,2022-07-05,2022,C08G59/245|C08J5/246|C08J5/243|C08J5/244|C08G59/5006|C08G59/5026|C08G59/504|C08J2363/02,Spacecraft / Launch Systems,3,,1,2019-05-07,2022-07-05,,Wenhong Fan; Ryan Christopher Kennett; Joshua James Conlon,0,0
SpaceX,16276257,US11699852,PHASED ARRAY ANTENNA SYSTEMS,,grant,granted,Space Exploration Technologies Corp.,US,2019-02-14,2019,2023-07-11,2023,H01Q3/36|H01Q3/40|H01Q1/22|H01Q21/20|H05K1/0298|H05K1/144|H05K2201/10098,Antenna Design,2,,1,2019-02-14,2023-07-11,,Alireza Mahanfar; Javier Rodriguez De Luis,0,0
SpaceX,16276401,US11018436,ANTENNA MODULES FOR PHASED ARRAY ANTENNAS,,grant,granted,Space Exploration Technologies Corp.,US,2019-02-14,2019,2021-05-25,2021,H01Q9/0414|H01Q21/0025|H01Q1/24|H01Q1/523|H01Q3/26|H01Q3/40|H01Q9/0428|H01Q21/24,Antenna Design,8,,1,2019-02-14,2021-05-25,,Alireza Mahanfar; Souren Shamsinejad; Shaya Karimkashi Arani; Siamak Ebadi; Ersin Yetisir; Peter Sung Tri Hoang; Javier Rodriguez De Luis; Nil Apaydin,0,0
SpaceX,16276278,US11146323,BEAMFORMER LATTICE FOR PHASED ARRAY ANTENNAS,,grant,granted,Space Exploration Technologies Corp.,US,2019-02-14,2019,2021-10-12,2021,H04B7/0617|H04B7/086|H01P5/12|H01Q1/38|H01Q21/0025|H01Q21/061|H01Q21/20|H01Q21/22,Satellite / Wireless Comms,4,,1,2019-02-14,2021-10-12,,Nil Apaydin; Chiara Pelletti; Souren Shamsinejad; Alireza Mahanfar,0,0
SpaceX,16276347,US10971817,ANTENNA-TO-BEAMFORMER ASSIGNMENT AND MAPPING IN PHASED ARRAY ANTENNA SYSTEMS,,grant,granted,Space Exploration Technologies Corp.,US,2019-02-14,2019,2021-04-06,2021,H01Q3/30|H04B7/086|H01Q1/38|H01Q3/24|H01Q3/2658|H01Q3/267|H01Q3/40,Antenna Design,4,,1,2019-02-14,2021-04-06,,Javier Rodriguez De Luis; Robert Baummer JR.; Nil Apaydin; Alireza Mahanfar,0,0
SpaceX,16276294,US11056801,ANTENNA APERTURE IN PHASED ARRAY ANTENNA SYSTEMS,,grant,granted,Space Exploration Technologies Corp.,US,2019-02-14,2019,2021-07-06,2021,H01Q21/065|H01Q21/24|H01Q5/42|H01Q1/36|H01Q3/26|H01Q21/0018,Antenna Design,5,,1,2019-02-14,2021-07-06,,Alireza Mahanfar; Javier Rodriguez De Luis; Nil Apaydin; Ersin Yetisir; Shaya Karimkashi Arani,0,0
SpaceX,16276360,US10998606,HIERARCHICAL NETWORK SIGNAL ROUTING APPARATUS AND METHOD,,grant,granted,Space Exploration Technologies Corp.,US,2019-02-14,2019,2021-05-04,2021,H01P5/19|H01Q3/40,Signal Processing,4,,1,2019-02-14,2021-05-04,,Souren Shamsinejad; Javier Rodriguez De Luis; Nil Apaydin; Alireza Mahanfar,0,0
SpaceX,15953137,US10844464,NIOBIUM METAL ALLOY,,grant,granted,Space Exploration Technologies Corp.,US,2018-04-13,2018,2020-11-24,2020,C22C27/02|C22F1/18,Other,7,,1,2018-04-13,2020-11-24,,Gavin J. Garside; Kevin A. Lohner; Meagan R. Slater; Charles Kuehmann; David R. Snyder; Jason T. Sebastian; Gregory B. Olson,0,0
SpaceX,15908602,US10770790,UNI-DIMENSIONAL STEERING OF PHASED ARRAY ANTENNAS,,grant,granted,Space Exploration Technologies Corp.,US,2018-02-28,2018,2020-09-08,2020,H01Q3/34|H01Q15/02|H01Q15/14|H01Q21/061,Antenna Design,1,,1,2018-02-28,2020-09-08,,Alireza Mahanfar,0,0
SpaceX,15908592,US10843822,SATELLITE CONSTELLATIONS,,grant,granted,Space Exploration Technologies Corp.,US,2018-02-28,2018,2020-11-24,2020,B64G1/1085|B64G1/245|B64G1/242|B64G3/00,Spacecraft / Launch Systems,4,,1,2018-02-28,2020-11-24,,Jonathan F.C. Herman; Stephen Mance; Paul Forquera; Mark Krebs,0,0
SpaceX,15286478,US10486389,LASER-PERFORATED METAL HONEYCOMB MATERIAL AND METHOD OF MANUFACTURING SAME,,grant,granted,Space Exploration Technologies Corp.,US,2016-10-05,2016,2019-11-26,2019,B32B3/266|B32B15/00|B32B37/0076|B32B37/1292|B32B37/146|B32B38/0004|B32B2311/00|F01N3/2814,Other,2,,1,2016-10-05,2019-11-26,,Christopher Davin; William B. Riley,0,0
Blue Origin,19037788,US12528602,SATELLITE DISPENSING SYSTEM,,grant,granted,"Blue Origin Manufacturing, LLC",US,2025-01-27,2025,2026-01-20,2026,B64G1/641|B64G1/643|B64G1/648,Spacecraft / Launch Systems,2,,1,2025-01-27,2026-01-20,,Eric Eckstein; Brian Allen Cyb,0,0
Blue Origin,18979450,,"WIRE-FEED FRICTION STIR ADDITIVE MANUFACTURING SYSTEMS, DEVICES, AND METHODS",,grant,granted,"Blue Origin Manufacturing, LLC",US,2024-12-12,2024,2024-12-12,2024,B23K20/1225|B23K20/1255|B33Y10/00|B33Y30/00|B33Y40/00|B23K20/1215|B23K20/122|B23K20/1245,Manufacturing,1,,1,2024-12-12,,,Weidong Song,0,0
Blue Origin,18952575,US12510018,INTEGRATED RECUPERATOR FOR A CLOSED BRAYTON CYCLE,,grant,granted,"Blue Origin Manufacturing, LLC",US,2024-11-19,2024,2025-12-30,2025,F02C1/06|F02C1/05|F02C1/10,Other,2,,1,2024-11-19,2025-12-30,,Emmanuel John Grillos II; Steven Stanley,0,0
Blue Origin,18949069,US12351344,NUCLEAR THERMAL PROPULSION SYSTEM WITH REACTOR DIRECT DRIVE OF CRYOCOOLER TURBINE,,grant,granted,"Blue Origin Manufacturing, LLC",US,2024-11-15,2024,2025-07-08,2025,B64G1/408|F02K9/44|F02K9/42|F02K9/425|F02K9/46|F02K9/50|F02K9/64|G21D5/02,Spacecraft / Launch Systems,1,,1,2024-11-15,2025-07-08,,Zachary Reid Tolley,0,0
Blue Origin,18947554,US12558739,FRICTION STIR ADDITIVE MANUFACTURING DEVICES AND METHODS FOR FORMING IN-SITU RIVETS,,grant,granted,"Blue Origin Manufacturing, LLC",US,2024-11-14,2024,2026-02-24,2026,B23K20/128|B23K20/1245,Manufacturing,1,,1,2024-11-14,2026-02-24,,Weidong Song,0,0
Blue Origin,18931964,US12385473,SEMI-PASSIVE LINEAR ACTUATOR,,grant,granted,Blue Origin LLC,US,2024-10-30,2024,2025-08-12,2025,F03G6/002|F03G6/098|B64G1/2229|B64G1/222,Spacecraft / Launch Systems,1,,1,2024-10-30,2025-08-12,,James Andrew Hinsdale,0,0
Blue Origin,18887817,US12486048,"HORIZONTAL INTEGRATION TOOLING FOR LAUNCH VEHICLES, AND ASSOCIATED SYSTEMS AND METHODS",,grant,granted,"Blue Origin Manufacturing, LLC",US,2024-09-17,2024,2025-12-02,2025,B64F5/10|B23P19/10|B23Q3/186|B64G1/002,Manufacturing,1,,1,2024-09-17,2025-12-02,,Derek Johnson,0,0
Blue Origin,18767813,US12515825,"DEVICE INCLUDING INTERCHANGEABLE PORT OPENING DOCKING MECHANISMS, AND ASSOCIATED SYSTEMS AND METHODS",,grant,granted,"BLUE ORIGIN MANUFACTURING, LLC",US,2024-07-09,2024,2026-01-06,2026,B64G1/6462|B64G1/60,Spacecraft / Launch Systems,1,,1,2024-07-09,2026-01-06,,Michael D. Johnson,0,0
Blue Origin,18731709,US12366218,LIQUID ROCKET ENGINE INJECTOR WITH VARIABLE FLOW AREA,,grant,granted,"Blue Origin Manufacturing, LLC",US,2024-06-03,2024,2025-07-22,2025,F02K9/52|F02K9/58|F02K9/42|F02K9/62|F02K9/805,Rocket Propulsion,2,,1,2024-06-03,2025-07-22,,Mark David Horn; Adam Keith Norman,0,0
Blue Origin,18669991,US12378009,HEAT FINS FOR HEAT DISSIPATION OF ROCKET COMPONENTS,,grant,granted,"Blue Origin Manufacturing, LLC",US,2024-05-21,2024,2025-08-05,2025,B64G1/58|B64G1/4021|F28F3/02,Spacecraft / Launch Systems,4,,1,2024-05-21,2025-08-05,,David Harper; Jeramy Kimball; Logan Sailer; Curtis Wen,0,0
Blue Origin,18664115,US12509249,"THRUSTING RAILS FOR LAUNCH VEHICLES, AND ASSOCIATED SYSTEMS AND METHODS",,grant,granted,"BLUE ORIGIN MANUFACTURING, LLC",US,2024-05-14,2024,2025-12-30,2025,B64G1/6455|B64G1/002,Spacecraft / Launch Systems,4,,1,2024-05-14,2025-12-30,,Scott D. Patty; Park O. Cover JR.; Mathew John Theis; Robert E. McMullen,0,0
Blue Origin,18632124,US12234042,NUCLEAR THERMAL PROPULSION SYSTEM WITH REACTOR DIRECT DRIVE OF CRYOCOOLER TURBINE,,grant,granted,"Blue Origin, LLC",US,2024-04-10,2024,2025-02-25,2025,B64G1/408|F02K9/44|F02K9/42|F02K9/425|F02K9/46|F02K9/50|F02K9/64|G21D5/02,Spacecraft / Launch Systems,1,,1,2024-04-10,2025-02-25,,Zachary Reid Tolley,0,0
Blue Origin,18625653,US12392059,SELF-ADAPTIVE FABRIC FOR SPACE APPLICATIONS,,grant,granted,"Blue Origin Manufacturing, LLC",US,2024-04-03,2024,2025-08-19,2025,D03D15/30|D01D5/247|D03D15/283|D03D15/56|D03D15/275|D03D15/567|B64G6/00|D03D1/02,Spacecraft / Launch Systems,1,,1,2024-04-03,2025-08-19,,Weidong Song,0,0
Blue Origin,18586005,US12415670,SYSTEMS AND METHODS FOR FLUID BARRIERS THROUGH PERMEABLE STRUCTURES,,grant,granted,"Blue Origin Manufacturing, LLC",US,2024-02-23,2024,2025-09-16,2025,B65D81/2076|B33Y80/00|B65D85/84|B65D81/20,Other,2,,1,2024-02-23,2025-09-16,,Eric D. Contreras; Satyanarayana Venkata Emani,0,0
Blue Origin,18438369,US12415229,FRICTION STIR WELDING SYSTEMS AND METHODS,,grant,granted,"Blue Origin Manufacturing, LLC",US,2024-02-09,2024,2025-09-16,2025,B23K20/1225|B23K2103/10|B23K20/1245,Manufacturing,3,,1,2024-02-09,2025-09-16,,Michael S. Brendel; Ilana K. Lu; Roger Conant Carter IV,0,0
Blue Origin,18433097,US12515823,ROCKET INCLUDING ROTATABLE ARM FOR ENGAGING A CABLE DURING DESCENT AND METHOD FOR THE SAME,,grant,granted,"Blue Origin Manufacturing, LLC",US,2024-02-05,2024,2026-01-06,2026,B64G1/62|B63B35/50,Spacecraft / Launch Systems,2,,1,2024-02-05,2026-01-06,,Emmanuel John Grillos II; Richard Donovan Jones,0,0
Blue Origin,18432814,US12519411,"LOW-VOLTAGE FAULT-TOLERANT ROTATING ELECTROMECHANICAL ACTUATORS, AND ASSOCIATED SYSTEMS AND METHODS",,grant,granted,"Blue Origin Manufacturing, LLC",US,2024-02-05,2024,2026-01-06,2026,H02K3/28|H02P25/22|H02K11/33|H02K1/278|H02K16/04|H02K21/14|H02K2213/03|H02K2213/06,Power / Electrical Systems,3,,1,2024-02-05,2026-01-06,,Vladan Jevremovic; Adrian Alberto Galindo; Austin Gaspar,0,0
Blue Origin,18433160,US12421921,REUSABLE UPPER STAGE ROCKET WITH AEROSPIKE ENGINE,,grant,granted,"Blue Origin Manufacturing, LLC",US,2024-02-05,2024,2025-09-23,2025,F02K9/52|F02K9/64|B64G1/623|B64G1/006|B64G1/401|B64G1/402|B64G1/58|B64G1/62,Rocket Propulsion,3,,1,2024-02-05,2025-09-23,,James R. French; Roger Eugene Ramsey; Adam Wuerl,0,0
Blue Origin,18400201,US12559435,SILICON CARBIDE COATINGS AND METHODS OF FABRICATING AND REPAIRING THE SAME,,grant,granted,"Blue Origin Manufacturing, LLC",US,2023-12-29,2023,2026-02-24,2026,C04B41/5059|C04B35/83|C04B41/0072|C04B41/4539|C04B41/4554|C04B41/5096|C04B41/52|C04B41/87,Other,2,,1,2023-12-29,2026-02-24,,Sungbo Shim; Li Li,0,0
Blue Origin,18393321,US12492004,REDUCTION OF ASYMMETRICAL LOADING IN PARACHUTE INFLATION,,grant,granted,"Blue Origin Manufacturing, LLC",US,2023-12-21,2023,2025-12-09,2025,B64D17/22|B64G1/623|B64D17/62,Spacecraft / Launch Systems,1,,1,2023-12-21,2025-12-09,,ROBERT JAMES SINCLAIR,0,0
Blue Origin,18390927,US12209559,TRANSPIRATION-COOLED SYSTEMS HAVING PERMEABLE AND NON-PERMEABLE PORTIONS,,grant,granted,"Blue Origin, LLC",US,2023-12-20,2023,2025-01-28,2025,F02K9/97|F02K9/972|B64G1/58|B64G1/62|F02K9/64|F05D2230/31|Y02P10/25,Rocket Propulsion,3,,1,2023-12-20,2025-01-28,,Weidong Song; Kutter Kupke; Alexander Twaites,0,0
Blue Origin,18542459,US12448154,A SYSTEM COMPRISING A DECELERATION POOL WITH A LANDING HOOK SYSTEM DISPOSED ABOVE IT FOR RECEIVING A LANDING ROCKET,,grant,granted,"Blue Origin Manufacturing, LLC",US,2023-12-15,2023,2025-10-21,2025,B64G5/00|E04H4/1209|B64G1/625|B64G1/006,Spacecraft / Launch Systems,1,,1,2023-12-15,2025-10-21,,John Eric Tepool,0,0
Blue Origin,18540064,US12146454,MULTI-VOLUME ACOUSTIC RESONATOR FOR ROCKET ENGINE,,grant,granted,"Blue Origin, LLC",US,2023-12-14,2023,2024-11-19,2024,F02K9/62|F23R3/002|F23R2900/00014,Rocket Propulsion,4,,1,2023-12-14,2024-11-19,,Owen Stewart Graham; Stephen Wuest; Nicholas James Keleshian; Warren Godwin Lamont,0,0
Blue Origin,18524914,US12454373,"STUD-PROPELLING MECHANISMS FOR SECURING A LAUNCH VEHICLE TO A LANDING PLATFORM, AND ASSOCIATED SYSTEMS AND METHODS",,grant,granted,"Blue Origin Manufacturing, LLC",US,2023-11-30,2023,2025-10-28,2025,B64G1/625|B63B25/28|B63B35/003|B63B35/53|B64G1/002|B64G5/00|B64G2005/005,Spacecraft / Launch Systems,4,,1,2023-11-30,2025-10-28,,Brian Riordan; Shane Draney; Rory Arp; Robert E. McMullen,0,0
Blue Origin,18513351,US12365133,SYSTEMS AND METHODS FOR CONTROLLING ADDITIVE MANUFACTURING PROCESSES,,grant,granted,"Blue Origin Manufacturing, LLC",US,2023-11-17,2023,2025-07-22,2025,B29C64/135|B33Y10/00|B33Y30/00|B33Y40/00|B33Y50/02|B29C64/214|B29C64/393|B29C64/40,Other,2,,1,2023-11-17,2025-07-22,,Landon Luick; Steven James Craigen,0,0
Blue Origin,18510495,US12404823,ROCKET INJECTOR SUBSCALE STABILITY ASSESSMENT WITH TELESCOPING PISTON,,grant,granted,"Blue Origin Manufacturing, LLC",US,2023-11-15,2023,2025-09-02,2025,F02K9/52|F02K9/42|F02K9/64|F02K9/86|F02K9/96|F02K9/97|F02K9/978|G01M15/14,Rocket Propulsion,3,,1,2023-11-15,2025-09-02,,Owen Graham; Warren Lamont; James Sisco,0,0
Blue Origin,18510359,US12435683,ROCKET INJECTOR SUBSCALE STABILITY ASSESSMENT WITH TELESCOPING THROAT OR MOVEABLE INJECTOR PLATE,,grant,granted,"Blue Origin Manufacturing, LLC",US,2023-11-15,2023,2025-10-07,2025,F02K9/52|F02K9/42|F02K9/64|F02K9/86|F02K9/96|F02K9/97|F02K9/978|G01M15/14,Rocket Propulsion,3,,1,2023-11-15,2025-10-07,,Owen Graham; Warren Lamont; James Sisco,0,0
Blue Origin,18490135,US12565968,METHODS AND SYSTEMS FOR TANK WALL THERMAL INSULATION,,grant,granted,"Blue Origin Manufacturing, LLC",US,2023-10-19,2023,2026-03-03,2026,F17C13/001|F17C2201/0104|F17C2203/03,Spacecraft / Launch Systems,5,,1,2023-10-19,2026-03-03,,Arash Ghabchi; Mark Francis Wagner; Artem Alexander Dyakonov; Rachel Anne Clark; Gary D. Grayson,0,0
Blue Origin,18450322,US12163810,"VOLTAGE-CURRENT PHASE-BASED METHOD FOR LINEAR AND ROTARY TRANSFORMER SYSTEMS, AND ASSOCIATED SYSTEMS AND METHODS",,grant,granted,"Blue Origin, LLC",US,2023-08-15,2023,2024-12-10,2024,G01D5/2046|H01F21/065|H01F27/28,Other,1,,1,2023-08-15,2024-12-10,,Carlos G. Parodi,0,0
Blue Origin,18365079,US12383975,FRICTION STIR ADDITIVE MANUFACTURING FORMED PARTS AND STRUCTURES WITH INTEGRATED PASSAGES,,grant,granted,"Blue Origin Manufacturing, LLC",US,2023-08-03,2023,2025-08-12,2025,B23K20/1215|B33Y10/00|B33Y30/00|B33Y80/00|B23K2103/12|B23K20/122|B23K20/1255|B23K20/128,Manufacturing,1,,1,2023-08-03,2025-08-12,,Weidong Song,0,0
Blue Origin,18365125,US12303994,FRICTION STIR ADDITIVE MANUFACTURING FORMED PARTS AND STRUCTURES WITH INTEGRATED PASSAGES,,grant,granted,"Blue Origin Manufacturing, LLC",US,2023-08-03,2023,2025-05-20,2025,B33Y80/00|B23K20/1215|B33Y10/00|B23K2103/10|B23K20/1255|B23K20/128|B23K20/129,Manufacturing,2,,1,2023-08-03,2025-05-20,,Michael L. Bailey; Weidong Song,0,0
Blue Origin,18364069,US12097976,"HORIZONTAL INTEGRATION TOOLING FOR LAUNCH VEHICLES, AND ASSOCIATED SYSTEMS AND METHODS",,grant,granted,"Blue Origin, LLC",US,2023-08-02,2023,2024-09-24,2024,B64F5/10|B23P19/10|B23Q3/186|B64G1/002,Manufacturing,1,,1,2023-08-02,2024-09-24,,Derek Johnson,0,0
Blue Origin,18354583,US12391409,"ROCKET THRUST STRUCTURE ASSEMBLY, AND ASSOCIATED SYSTEMS AND METHODS",,grant,granted,"Blue Origin Manufacturing, LLC",US,2023-07-18,2023,2025-08-19,2025,B64G1/4022|B64F5/10|G06F30/15|B64F5/00|G05B19/41805,Spacecraft / Launch Systems,9,,1,2023-07-18,2025-08-19,,Robert Allen Davey; James A. DeLand; Barry Theophile Cooke; Michael D. Richardson; Christopher C. Hamlet; Max L. Mayfield; Joseph J. McGahhey; Dario I. Valenzuela; Gavin R. Ryan,0,0
Blue Origin,18346696,US11982376,BALL VALVE WITH INTEGRAL SEAL RETRACTION,,grant,granted,Blue Origin LLC,US,2023-07-03,2023,2024-05-14,2024,F16K5/0689|Y10T137/0508|F16K5/0605|F16K5/0684|F16K5/204,Mechanical Engineering,3,,1,2023-07-03,2024-05-14,,Andrew T. OUELLET; Kevin A. WESTHOFF; Tyler J. BAKER,0,0
Blue Origin,18328522,US12473995,"FLUID DAMPED CHECK VALVE, AND ASSOCIATED SYSTEMS AND METHODS",,grant,granted,"Blue Origin Manufacturing, LLC",US,2023-06-02,2023,2025-11-18,2025,F16K15/063|F16K47/04|Y10T137/785|Y10T137/7852|F16K47/0111|F16K1/12|F16K15/025,Mechanical Engineering,2,,1,2023-06-02,2025-11-18,,Justin K. Bahrami; Kyle J. Meeuwsen,0,0
Blue Origin,18322262,US12577945,PUMP FOR TWO-PHASE MAGNETIC FLUIDS,,grant,granted,"Blue Origin Manufacturing, LLC",US,2023-05-23,2023,2026-03-17,2026,F04B17/00|F04B15/00,Other,4,,1,2023-05-23,2026-03-17,,Gary D. Grayson; Zachary Daniel Rizzolo; Emmanuel John Grillos II; Michael Friedman,0,0
Blue Origin,18313137,US12031505,LIQUID ROCKET ENGINE INJECTOR WITH VARIABLE FLOW AREA,,grant,granted,"Blue Origin, LLC",US,2023-05-05,2023,2024-07-09,2024,F02K9/52|F02K9/42|F02K9/58|F02K9/62|F02K9/805,Rocket Propulsion,2,,1,2023-05-05,2024-07-09,,Mark David Horn; Adam Keith Norman,0,0
Blue Origin,18307483,US12409955,"METAL ENCAPSULATED CERAMIC TILE THERMAL INSULATION, AND ASSOCIATED SYSTEMS AND METHODS",,grant,granted,"Blue Origin Manufacturing, LLC",US,2023-04-26,2023,2025-09-09,2025,B64G1/58|B64G1/623|B64G1/002|B64G1/62|F16L59/029,Spacecraft / Launch Systems,3,,1,2023-04-26,2025-09-09,,John Paul Brendel; Christopher Patrick Hupf; Adam Keith Norman,0,0
Blue Origin,18303044,US12522708,BASALT FIBER REINFORCED SYNTACTIC THERMAL PROTECTION SYSTEM,,grant,granted,"Blue Origin Manufacturing, LLC",US,2023-04-19,2023,2026-01-13,2026,C08J3/212|C08J9/32|C08J2363/00,Other,1,,1,2023-04-19,2026-01-13,,Adam Kopysc,0,0
Blue Origin,18296459,US12258151,SATELLITE DISPENSING SYSTEM,,grant,granted,"Blue Origin, LLC",US,2023-04-06,2023,2025-03-25,2025,B64G1/643|B64G1/641,Spacecraft / Launch Systems,1,,1,2023-04-06,2025-03-25,,Eric Eckstein,0,0
Blue Origin,18192970,US12172229,FRICTION STIR ADDITIVE MANUFACTURING DEVICES AND METHODS FOR FORMING IN-SITU RIVETS,,grant,granted,"Blue Origin, LLC",US,2023-03-30,2023,2024-12-24,2024,B23K20/128|B23K20/1245,Manufacturing,1,,1,2023-03-30,2024-12-24,,Weidong Song,0,0
Blue Origin,18192998,US12246392,DEPOSITION HEAD FOR FRICTION STIR ADDITIVE MANUFACTURING DEVICES AND METHODS,,grant,granted,"Blue Origin, LLC",US,2023-03-30,2023,2025-03-11,2025,B23K20/1255|B23K20/128|B23K2103/20|B23K20/1215,Manufacturing,3,,1,2023-03-30,2025-03-11,,Weidong Song; Michael Brennan; Alex Langenstein,0,0
Blue Origin,18193005,US12140109,TRANSPIRATION-COOLED SYSTEMS HAVING PERMEABLE AND NON-PERMEABLE PORTIONS,,grant,granted,"Blue Origin, LLC",US,2023-03-30,2023,2024-11-12,2024,F02K9/972|B64G1/58|B64G1/62|F02K9/64|F02K9/97|F05D2230/31,Rocket Propulsion,3,,1,2023-03-30,2024-11-12,,Weidong Song; Kutter Kupke; Alexander Twaites,0,0
Blue Origin,18179496,US12234039,REPEATING GROUND TRACK ORBITS FOR A REUSABLE LAUNCH VEHICLE,,grant,granted,"Blue Origin, LLC",US,2023-03-07,2023,2025-02-25,2025,B64G1/646|B64G1/14,Spacecraft / Launch Systems,2,,1,2023-03-07,2025-02-25,,Adam Michael Wuerl; Quinn Robert White Kupec,0,0
Blue Origin,18099192,US11945406,"SPACECRAFT DEVICE WITH INCREASED CARGO CAPACITIES, AND ASSOCIATED SYSTEMS AND METHODS",,grant,granted,"Blue Origin, LLC",US,2023-01-19,2023,2024-04-02,2024,B60R5/041|B64G1/643|B64G1/002|B64G1/64|B64G1/641,Spacecraft / Launch Systems,1,,1,2023-01-19,2024-04-02,,Michael David Johnson,0,0
Blue Origin,18150329,US11761451,AXIAL COUNTERBALANCE FOR ROTATING COMPONENTS,,grant,granted,"Blue Origin, LLC",US,2023-01-05,2023,2023-09-19,2023,F04D29/0416|F02K9/48|F04D13/04,Rocket Propulsion,1,,1,2023-01-05,2023-09-19,,Jordan Marshall,0,0
Blue Origin,18150479,US11767854,MULTIPLE COUNTER-BALANCES FOR ROTATING COMPONENTS,,grant,granted,"Blue Origin, LLC",US,2023-01-05,2023,2023-09-26,2023,F04D29/0416|F02K9/48|F04D13/04,Rocket Propulsion,1,,1,2023-01-05,2023-09-26,,Jordan Marshall,0,0
Blue Origin,18069080,US12416450,HEAT EXCHANGE SYSTEM WITH TUBING APPLIED TO A COMPLEX CURVED SURFACE,,grant,granted,"Blue Origin Manufacturing, LLC",US,2022-12-20,2022,2025-09-16,2025,F28D1/06|F17C13/001|F17C13/008|F17C2201/0128|F17C2203/0362|F17C2221/011|F17C2221/012|F17C2260/031,Spacecraft / Launch Systems,4,,1,2022-12-20,2025-09-16,,Gavin Bradley Hobbs; Patrick James Daniels; Kip Alan Carver; Wooyong Jung,0,0
Blue Origin,18079819,US12037143,"SPACECRAFT MULTIFUNCTION CONNECTING MECHANISMS INCLUDING INTERCHANGEABLE PORT OPENING DOCKING MECHANISMS, AND ASSOCIATED SYSTEMS AND METHODS",,grant,granted,"Blue Origin, LLC",US,2022-12-12,2022,2024-07-16,2024,B64G1/6462|B64G1/60,Spacecraft / Launch Systems,1,,1,2022-12-12,2024-07-16,,Michael D. Johnson,0,0
Blue Origin,18058626,US12358650,ORBIT AWARE NETWORK ROUTING,,grant,granted,"Blue Origin Manufacturing, LLC",US,2022-11-23,2022,2025-07-15,2025,B64G1/242|B64G1/1007,Spacecraft / Launch Systems,2,,1,2022-11-23,2025-07-15,,Arun Ray Ramadorai; Peter S. Fidelman,0,0
Blue Origin,17943063,US11768088,"VOLTAGE-CURRENT PHASE-BASED METHOD FOR LINEAR AND ROTARY TRANSFORMER SYSTEMS, AND ASSOCIATED SYSTEMS AND METHODS",,grant,granted,"Blue Origin, LLC",US,2022-09-12,2022,2023-09-26,2023,G01D5/2046|H01F21/065|H01F27/28,Other,1,,1,2022-09-12,2023-09-26,,Carlos G. Parodi,0,0
Blue Origin,17823867,US11732812,BALL VALVE WITH INTEGRAL SEAL RETRACTION,,grant,granted,Blue Origin LLC,US,2022-08-31,2022,2023-08-22,2023,F16K5/0689|Y10T137/0508|F16K5/0605|F16K5/0684|F16K5/204,Mechanical Engineering,3,,1,2022-08-31,2023-08-22,,Andrew T. OUELLET; Kevin A. WESTHOFF; Tyler J. BAKER,0,0
Blue Origin,17823882,US11846304,INDUCER TUNNEL MAGNETIZATION,,grant,granted,"Blue Origin, LLC",US,2022-08-31,2022,2023-12-19,2023,F04D7/00|F04D29/406,Rocket Propulsion,4,,1,2022-08-31,2023-12-19,,Christopher Michael Joyce; Saleh Tyzoon Tyebjee; Ivan Victorovich Klimov; Zachary Daniel Rizzolo,0,0
Blue Origin,17801198,US12460313,ACTIVE EDGE CONTROL OF A CRYSTALLINE SHEET FORMED ON THE SURFACE OF A MELT,,grant,granted,"Blue Origin Manufacturing, LLC",US,2022-08-19,2022,2025-11-04,2025,C30B15/06|C30B15/14|C30B29/06|Y02P70/50|C30B15/10|C30B15/20|C30B15/26|Y02E10/547,Other,4,,1,2022-08-19,2025-11-04,,Peter KELLERMAN; Alison GREENLEE; Parthiv DAGGOLU; Alexander MARTINEZ,0,0
Blue Origin,17815825,US12392242,LUNAR WATER COLLECTION DEVICE,,grant,granted,"Blue Origin Manufacturing, LLC",US,2022-07-28,2022,2025-08-19,2025,B64G4/00|E21C51/00|C25B1/04,Spacecraft / Launch Systems,2,,1,2022-07-28,2025-08-19,,Emmanuel John Grillos II; Brandon Block,0,0
Blue Origin,17811408,US11933249,REUSABLE UPPER STAGE ROCKET WITH AEROSPIKE ENGINE,,grant,granted,"Blue Origin, LLC",US,2022-07-08,2022,2024-03-19,2024,F02K9/64|B64G1/006|B64G1/401|B64G1/402|B64G1/62|B64G1/641|F02K9/42|F02K9/46,Rocket Propulsion,3,,1,2022-07-08,2024-03-19,,James R. French; Roger Eugene Ramsey; Adam Wuerl,0,0
Blue Origin,17809850,US12287351,ACCELEROMETER WITH HALL EFFECT SENSOR,,grant,granted,"Blue Origin Manufacturing, LLC",US,2022-06-29,2022,2025-04-29,2025,G01P15/105|G01R33/072,Other,1,,1,2022-06-29,2025-04-29,,Aaron Schwartzbart,0,0
Blue Origin,17808256,US11975870,NUCLEAR THERMAL PROPULSION SYSTEM WITH REACTOR DIRECT DRIVE OF CRYOCOOLER TURBINE,,grant,granted,"Blue Origin, LLC",US,2022-06-22,2022,2024-05-07,2024,B64G1/408|F02K9/44|F02K9/42|F02K9/425|F02K9/46|F02K9/50|F02K9/64|G21D5/02,Spacecraft / Launch Systems,1,,1,2022-06-22,2024-05-07,,Zachary Reid Tolley,0,0
Blue Origin,17843484,US11867139,MULTI-VOLUME ACOUSTIC RESONATOR FOR ROCKET ENGINE,,grant,granted,"Blue Origin, LLC",US,2022-06-17,2022,2024-01-09,2024,F02K9/62|F23R3/002|F23R2900/00014,Rocket Propulsion,4,,1,2022-06-17,2024-01-09,,Owen Stewart Graham; Stephen Wuest; Nicholas James Keleshian; Warren Godwin Lamont,0,0
Blue Origin,17837992,US12372048,"SEAL FOR GIMBALING AND/OR FIXED ROCKET ENGINE NOZZLES, AND ASSOCIATED SYSTEMS AND METHODS",,grant,granted,"Blue Origin Manufacturing, LLC",US,2022-06-10,2022,2025-07-29,2025,F02K1/805|F02K1/1207|F02K1/1223|F02K9/343|F02K9/97|F05D2240/128|F05D2250/31|F05D2250/324,Rocket Propulsion,4,,1,2022-06-10,2025-07-29,,Nathaniel Cantor; Colin Patterson; Adam Norman; Christopher P. Hupf,0,0
Blue Origin,17805591,US11939938,LIQUID LEVEL EQUALIZATION FOR PROPELLANT TANKS,,grant,granted,"Blue Origin, LLC",US,2022-06-06,2022,2024-03-26,2024,F02K9/566|F02K9/42|F02K9/56|F02K9/60|F02K9/605,Rocket Propulsion,2,,1,2022-06-06,2024-03-26,,Claire Jocelyn Atkinson; John Michael Dixon,0,0
Blue Origin,17751921,US12573672,SWITCH AND BATTERY SYSTEM,,grant,granted,"Blue Origin Manufacturing, LLC",US,2022-05-24,2022,2026-03-10,2026,H01M50/574|H01M10/425|H01M50/269|H01M50/50|H01M50/30|H01M50/298|H01M50/213|H01M50/271,Power / Electrical Systems,4,,1,2022-05-24,2026-03-10,,Wes Mossinghoff; Jeff Burgess; Saad Sohail; Anthony Carey,0,0
Blue Origin,17662650,US11555503,AXIAL COUNTERBALANCE FOR ROTATING COMPONENTS,,grant,granted,"Blue Origin, LLC",US,2022-05-09,2022,2023-01-17,2023,F04D29/0416|F02K9/48|F04D13/04,Rocket Propulsion,1,,1,2022-05-09,2023-01-17,,Jordan Marshall,0,0
Blue Origin,17737200,US12381475,POWER FILTRATION SYSTEM,,grant,granted,"Blue Origin Manufacturing, LLC",US,2022-05-05,2022,2025-08-05,2025,H02M1/123|H02M7/06|H02J1/106|H02J7/00712|H02J1/14|H02J7/02|H02M1/12|H02M1/44,Power / Electrical Systems,1,,1,2022-05-05,2025-08-05,,Johnny Ryan Kean,0,0
Blue Origin,17661023,US12129052,MICROGRAVITY IN LOW EARTH ORBIT WITH CONTINUOUS ELECTRIC PROPULSION,,grant,granted,"Blue Origin, LLC",US,2022-04-27,2022,2024-10-29,2024,B64G1/409|B64G1/411|B64G1/402|B64G1/443|B64G1/60|B64G1/646,Spacecraft / Launch Systems,4,,1,2022-04-27,2024-10-29,,David Degenhardt; Kyle Patrick Doyle; David Aaron Kornuta; Zachary Reid Tolley,0,0
Blue Origin,17660809,US12139278,SYSTEM FOR RECEIVING A DESCENDING ROCKET ON A SEMISUBMERSIBLE VESSEL USING A SUSPENDED CABLE,,grant,granted,"Blue Origin, LLC",US,2022-04-26,2022,2024-11-12,2024,B64G1/62|B63B35/50,Spacecraft / Launch Systems,2,,1,2022-04-26,2024-11-12,,Emmanuel John Grillos II; Richard Donovan Jones,0,0
Blue Origin,17715781,US12104699,"SELF-OPTIMIZING SEAL FOR TURBOMACHINERY, AND ASSOCIATED SYSTEMS AND METHODS",,grant,granted,"Blue Origin, LLC",US,2022-04-07,2022,2024-10-01,2024,F16J15/3432|F16J15/346|F01D11/003|F01D11/122|F02K9/48|F05D2220/30|F05D2240/55|F16C33/76,Mechanical Engineering,2,,1,2022-04-07,2024-10-01,,Ryan Linderman; Jacob Mills,0,0
Blue Origin,17656182,US12199449,LASER SYSTEM FOR POWERING MULTI-JUNCTION PHOTOVOLTAIC CELL,,grant,granted,"Blue Origin, LLC",US,2022-03-23,2022,2025-01-14,2025,H02J50/30|B64U50/31|H10F19/902|H10F19/906|H10F77/45|H10F19/10|H10F10/19|H10F10/161,Power / Electrical Systems,1,,1,2022-03-23,2025-01-14,,Brian Jay Tillotson,0,0
Blue Origin,17682864,US11879580,QUICK DISCONNECT COUPLING SYSTEMS AND RELATED METHODS,,grant,granted,"Blue Origin, LLC",US,2022-02-28,2022,2024-01-23,2024,F16L37/34|B64G1/402|B67D7/36,Mechanical Engineering,2,,1,2022-02-28,2024-01-23,,Randall J. Strauss; William Goettler,0,0
Blue Origin,17651502,US12352390,DIFFUSER FOR RECIRCULATED LIQUIDS,,grant,granted,"Blue Origin Manufacturing, LLC",US,2022-02-17,2022,2025-07-08,2025,F17C13/126|B01D19/0042|F17C2205/035|F17C2205/0352|F17C2221/011|F17C2221/012|F17C2260/02|F17C2270/0197,Spacecraft / Launch Systems,1,,1,2022-02-17,2025-07-08,,Gary D. Grayson,0,0
Blue Origin,17634044,US12359343,WAFER WITH REGIONS OF LOW OXYGEN CONCENTRATION,,grant,granted,"Blue Origin Manufacturing, LLC",US,2022-02-09,2022,2025-07-15,2025,H10F77/122|C30B29/06|H10F77/1223|C30B15/06,Other,7,,1,2022-02-09,2025-07-15,,Jesse S. Appel; Alison Greenlee; Nathan Stoddard; Peter Kellerman; Parthiv Daggolu; Alexander Martinez; Saeed Pirooz,0,0
Blue Origin,17647498,US11598289,PROPELLANT VOLUME AND MIXTURE RATIO CONTROL,,grant,granted,"Blue Origin, LLC",US,2022-01-10,2022,2023-03-07,2023,F02K9/563|F02K9/46|F02K9/58|F02K9/605,Rocket Propulsion,2,,1,2022-01-10,2023-03-07,,Matthew R. Jardin; Thomas S. Koch,0,0
Blue Origin,17560798,US12157585,SYSTEMS AND METHODS FOR POINTING PHOTOVOLTAIC ARRAYS,,grant,granted,"Blue Origin, LLC",US,2021-12-23,2021,2024-12-03,2024,B64G1/36|B64G1/443|H02S20/30|H02S20/32|B64G1/244|H10F77/484|B64G1/361|B64G1/363,Spacecraft / Launch Systems,1,,1,2021-12-23,2024-12-03,,Brian Jay Tillotson,0,0
Blue Origin,17557341,US12534225,SATELLITE DISPENSING SYSTEM,,grant,granted,"Blue Origin Manufacturing, LLC",US,2021-12-21,2021,2026-01-27,2026,,Other,2,,1,2021-12-21,2026-01-27,,Eric Eckstein; Brian Allen Cyb,0,0
Blue Origin,17557956,US12103716,SYSTEMS AND METHODS FOR SECURING AN UPRIGHT ROCKET,,grant,granted,"Blue Origin, LLC",US,2021-12-21,2021,2024-10-01,2024,B64G5/00|B63B35/50|B64G2005/005,Spacecraft / Launch Systems,1,,1,2021-12-21,2024-10-01,,Weidong Song,0,0
Blue Origin,17453580,US11643995,LIQUID ROCKET ENGINE INJECTOR WITH VARIABLE FLOW AREA,,grant,granted,"Blue Origin, LLC",US,2021-11-04,2021,2023-05-09,2023,F02K9/52|F02K9/58|F02K9/42|F02K9/62|F02K9/805,Rocket Propulsion,2,,1,2021-11-04,2023-05-09,,Mark David Horn; Adam Keith Norman,0,0
Blue Origin,17516335,US11703145,"FLUID DAMPED CHECK VALVE, AND ASSOCIATED SYSTEMS AND METHODS",,grant,granted,"Blue Origin, LLC",US,2021-11-01,2021,2023-07-18,2023,F16K15/063|F16K47/04|Y10T137/785|Y10T137/7852|F16K47/0111|F16K1/12|F16K15/025,Mechanical Engineering,2,,1,2021-11-01,2023-07-18,,Justin K. Bahrami; Kyle J. Meeuwsen,0,0
Blue Origin,17514471,US12065991,"HIGH TEMPERATURE THERMAL PROTECTION SYSTEM FOR ROCKETS, AND ASSOCIATED METHODS",,grant,granted,"Blue Origin, LLC",US,2021-10-29,2021,2024-08-20,2024,F02K9/974|B32B7/09|B32B7/027|B32B5/024|B32B5/26|B32B7/12|B32B2262/103|B32B2262/105,Rocket Propulsion,4,,1,2021-10-29,2024-08-20,,Adam Keith Norman; John Paul Brendel; Christopher Patrick Hupf; Stefano Gulli,0,0
Blue Origin,17468356,US11845699,METHODS FOR MANUFACTURING COATED COMPOSITE MATERIALS,,grant,granted,"Blue Origin, LLC",US,2021-09-07,2021,2023-12-19,2023,C04B35/78|C04B35/622,Other,2,,1,2021-09-07,2023-12-19,,Arash Ghabchi; Brendan Boyer,0,0
Blue Origin,17466510,US12024318,HEAT FINS FOR HEAT DISSIPATION OF ROCKET COMPONENTS,,grant,granted,"Blue Origin, LLC",US,2021-09-03,2021,2024-07-02,2024,B64G1/58|B64G1/4021|F28F3/02,Spacecraft / Launch Systems,4,,1,2021-09-03,2024-07-02,,David Harper; Jeramy Kimball; Logan Sailer; Curtis Wen,0,0
Blue Origin,17401152,US11649074,SATELLITE DISPENSING SYSTEM,,grant,granted,"Blue Origin, LLC",US,2021-08-12,2021,2023-05-16,2023,B64G1/643|B64G1/641,Spacecraft / Launch Systems,1,,1,2021-08-12,2023-05-16,,Eric Eckstein,0,0
Blue Origin,17369896,US11884427,"STUD-PROPELLING MECHANISMS FOR SECURING A LAUNCH VEHICLE TO A LANDING PLATFORM, AND ASSOCIATED SYSTEMS AND METHODS",,grant,granted,"Blue Origin, LLC",US,2021-07-07,2021,2024-01-30,2024,B64G1/625|B63B25/28|B63B35/003|B63B35/53|B64G1/002|B64G5/00|B64G2005/005,Spacecraft / Launch Systems,4,,1,2021-07-07,2024-01-30,,Brian Riordan; Shane Draney; Rory Arp; Robert E. McMullen,0,0
Blue Origin,17344595,US11879575,ENHANCED GIMBAL JOINT FOR CONDUITS,,grant,granted,BLUE ORIGIN LLC,US,2021-06-10,2021,2024-01-23,2024,F16L27/04|F16J3/048,Mechanical Engineering,1,,1,2021-06-10,2024-01-23,,Brock Steffen,0,0
Blue Origin,17341256,US11987395,"THRUSTING RAILS FOR LAUNCH VEHICLES, AND ASSOCIATED SYSTEMS AND METHODS",,grant,granted,"Blue Origin, LLC",US,2021-06-07,2021,2024-05-21,2024,B64G1/6455|B64G1/002,Spacecraft / Launch Systems,4,,1,2021-06-07,2024-05-21,,Scott D. Patty; Park O. Cover JR.; Mathew John Theis; Robert E. McMullen,0,0
Blue Origin,17321058,US11753183,"HORIZONTAL INTEGRATION TOOLING FOR LAUNCH VEHICLES, AND ASSOCIATED SYSTEMS AND METHODS",,grant,granted,"Blue Origin, LLC",US,2021-05-14,2021,2023-09-12,2023,B64F5/10|B23P19/10|B23Q3/186|B64G1/002,Manufacturing,1,,1,2021-05-14,2023-09-12,,Derek Johnson,0,0
Blue Origin,17190341,US11873122,SYSTEMS AND METHODS FOR BONDING OBJECTS USING ENERGETIC WELDING,,grant,granted,"Blue Origin, LLC",US,2021-03-02,2021,2024-01-16,2024,B64G1/64|B64G1/625|B64G1/006|B23K20/08|B64G5/00,Spacecraft / Launch Systems,2,,1,2021-03-02,2024-01-16,,Robert E. McMullen; Ryan Webb,0,0
Blue Origin,17173138,US11936317,"LOW-VOLTAGE FAULT-TOLERANT ROTATING ELECTROMECHANICAL ACTUATORS, AND ASSOCIATED SYSTEMS AND METHODS",,grant,granted,"Blue Origin, LLC",US,2021-02-10,2021,2024-03-19,2024,H02P25/22|H02K1/278|H02P6/08,Power / Electrical Systems,3,,1,2021-02-10,2024-03-19,,Vladan Jevremovic; Adrian Alberto Galindo; Austin Gaspar,0,0
Blue Origin,17026876,US11460117,BALL VALVE WITH INTEGRAL SEAL RETRACTION,,grant,granted,BLUE ORIGIN LLC,US,2020-09-21,2020,2022-10-04,2022,F16K5/0689|Y10T137/0508|F16K5/0605|F16K5/0684|F16K5/204,Mechanical Engineering,3,,1,2020-09-21,2022-10-04,,Andrew T. OUELLET; Kevin A. WESTHOFF; Tyler J. BAKER,0,0
Blue Origin,17009531,US11905986,QUICK-ACCESS FASTENER ASSEMBLY FOR HIGH TEMPERATURE APPLICATIONS,,grant,granted,BLUE ORIGIN LLC,US,2020-09-01,2020,2024-02-20,2024,F16B35/04|B64G1/58|F16B5/01|F16B37/0807|F16B37/14,Mechanical Engineering,6,,1,2020-09-01,2024-02-20,,Stefano GULLI; Adam NORMAN; Chris HUPF; John BRENDEL; Sean LAY; Pierce LOUDERBACK,0,0
Blue Origin,16899458,US11467003,"VOLTAGE-CURRENT PHASE-BASED METHOD FOR LINEAR AND ROTARY TRANSFORMER SYSTEMS, AND ASSOCIATED SYSTEMS AND METHODS",,grant,granted,"Blue Origin, LLC",US,2020-06-11,2020,2022-10-11,2022,G01D5/2046|G01D5/2291|G01D3/028|H01F21/065|H01F27/28,Other,1,,1,2020-06-11,2022-10-11,,Carlos G. Parodi,0,0
Blue Origin,16898317,US11262014,QUICK DISCONNECT COUPLING SYSTEMS AND RELATED METHODS,,grant,granted,"Blue Origin, LLC",US,2020-06-10,2020,2022-03-01,2022,F16L37/34|B64G1/402|B67D7/36,Mechanical Engineering,2,,1,2020-06-10,2022-03-01,,Randall J. Strauss; William Goettler,0,0
Blue Origin,16830141,US11819943,"LASER MATERIAL FUSION UNDER VACUUM, AND ASSOCIATED SYSTEMS AND METHODS",,grant,granted,"Blue Origin, LLC",US,2020-03-25,2020,2023-11-21,2023,B23K26/24|B33Y10/00|B33Y30/00|B23K26/1224|B23K26/342|B23K26/032|B23K31/125,Manufacturing,4,,1,2020-03-25,2023-11-21,,Nicholas James Keleshian; Christina Michelle Valenzuela; Chad Michael Ellison; Christopher Ryan Long,0,0
Blue Origin,16813197,US11391243,"SEAL FOR GIMBALING AND/OR FIXED ROCKET ENGINE NOZZLES, AND ASSOCIATED SYSTEMS AND METHODS",,grant,granted,"Blue Origin, LLC",US,2020-03-09,2020,2022-07-19,2022,F02K1/805|F02K1/1207|F02K1/1223|F02K9/343|F02K9/97|F05D2240/128|F05D2250/31|F05D2250/324,Rocket Propulsion,4,,1,2020-03-09,2022-07-19,,Nathaniel Cantor; Colin Patterson; Adam Norman; Christopher P. Hupf,0,0
Blue Origin,16813388,US11174966,"FLUID DAMPED CHECK VALVE, AND ASSOCIATED SYSTEMS AND METHODS",,grant,granted,"Blue Origin, LLC",US,2020-03-09,2020,2021-11-16,2021,F16K15/063|F16K47/04|Y10T137/785|Y10T137/7852|F16K47/0111|F16K1/12|F16K15/025,Mechanical Engineering,2,,1,2020-03-09,2021-11-16,,Justin K. Bahrami; Kyle J. Meeuwsen,0,0
Blue Origin,16788260,US12330214,"PRINTED POROUS MEDIA, SUCH AS FOR USE IN AEROSPACE PARTS, AND ASSOCIATED SYSTEMS AND METHODS",,grant,granted,"Blue Origin Manufacturing, LLC",US,2020-02-11,2020,2025-06-17,2025,B22F10/20|B33Y10/00|B33Y80/00|B23K26/064|B22F10/10|B22F3/11|B22F2202/11|B23K26/34,Manufacturing,3,,1,2020-02-11,2025-06-17,,Matthew Perry; Lloyd J. Droppers; Wade Stahl,0,0
Blue Origin,16727548,US11649073,"CONTROL SURFACES FOR USE WITH HIGH SPEED VEHICLES, AND ASSOCIATED SYSTEMS AND METHODS",,grant,granted,"Blue Origin, LLC",US,2019-12-26,2019,2023-05-16,2023,B64G1/625|B64G1/623|B64G1/006|B64C9/00|B64G1/24|B64G1/40|B64G1/401|B64G1/60,Spacecraft / Launch Systems,4,,1,2019-12-26,2023-05-16,,Mark Featherstone; Frederick W. Boelitz; Roger E. Ramsey; David M. Biggs,0,0
Blue Origin,16437529,US11667408,"METAL ENCAPSULATED CERAMIC TILE THERMAL INSULATION, AND ASSOCIATED SYSTEMS AND METHODS",,grant,granted,"Blue Origin, LLC",US,2019-06-11,2019,2023-06-06,2023,B64G1/58|B64G1/623|B64G1/002|B64G1/62|F02K9/974|F16L59/029,Spacecraft / Launch Systems,3,,1,2019-06-11,2023-06-06,,John Paul Brendel; Christopher Patrick Hupf; Adam Keith Norman,0,0
Blue Origin,16409195,US11174818,"HIGH TEMPERATURE THERMAL PROTECTION SYSTEM FOR ROCKETS, AND ASSOCIATED METHODS",,grant,granted,"Blue Origin, LLC",US,2019-05-10,2019,2021-11-16,2021,F02K9/974|B32B7/09|B32B7/027|B32B5/024|B32B5/26|B32B7/12|B32B2262/103|B32B2262/105,Rocket Propulsion,4,,1,2019-05-10,2021-11-16,,Adam Keith Norman; John Paul Brendel; Christopher Patrick Hupf; Stefano Gulli,0,0
Blue Origin,16370660,US11565628,"SPACECRAFT WITH INCREASED CARGO CAPACITIES, AND ASSOCIATED SYSTEMS AND METHODS",,grant,granted,"Blue Origin, LLC",US,2019-03-29,2019,2023-01-31,2023,B60R5/041|B64G1/643|B64G1/002|B64G1/64|B64G1/641,Spacecraft / Launch Systems,1,,1,2019-03-29,2023-01-31,,Michael David Johnson,0,0
Blue Origin,16351405,US12313025,"ROCKET TANK LIQUID LEVEL DETERMINATION, AND ASSOCIATED SYSTEMS AND METHODS",,grant,granted,"Blue Origin Manufacturing, LLC",US,2019-03-12,2019,2025-05-27,2025,F02K9/605|F02K9/96|G01F23/802|B64G1/006|B64G1/4021|B64G1/002|F02K9/60|F05D2270/8041,Rocket Propulsion,2,,1,2019-03-12,2025-05-27,,Frederick W. Boelitz; Richard Jones,0,0
Blue Origin,16283397,US11560243,"SPACECRAFT MULTIFUNCTION CONNECTING MECHANISMS INCLUDING INTERCHANGEABLE PORT OPENING DOCKING MECHANISMS, AND ASSOCIATED SYSTEMS AND METHODS",,grant,granted,"Blue Origin, LLC",US,2019-02-22,2019,2023-01-24,2023,B64G1/6462|B64G1/60,Spacecraft / Launch Systems,1,,1,2019-02-22,2023-01-24,,Michael D. Johnson,0,0
Blue Origin,16120050,US11890807,SYSTEMS AND METHODS FOR CONTROLLING ADDITIVE MANUFACTURING PROCESSES,,grant,granted,"Blue Origin, LLC",US,2018-08-31,2018,2024-02-06,2024,B29C64/153|B29C64/135|B33Y10/00|B33Y30/00|B33Y40/00|B33Y50/02|Y02P10/25|B29C64/214,Manufacturing,2,,1,2018-08-31,2024-02-06,,Landon Luick; Steven James Craigen,0,0
Blue Origin,15855968,US10822122,VERTICAL LANDING SYSTEMS FOR SPACE VEHICLES AND ASSOCIATED METHODS,,grant,granted,"Blue Origin, LLC",US,2017-12-27,2017,2020-11-03,2020,B64G1/623|B64G1/62,Spacecraft / Launch Systems,3,,1,2017-12-27,2020-11-03,,Douglas Lewis Grose; Sean Robert Findlay; John Michael Sanders,0,0
Blue Origin,15391782,US10518911,"CONTROL SURFACES FOR USE WITH HIGH SPEED VEHICLES, AND ASSOCIATED SYSTEMS AND METHODS",,grant,granted,"Blue Origin, LLC",US,2016-12-27,2016,2019-12-31,2019,B64G1/625|B64G1/623|B64G1/006|B64C9/00|B64G1/24|B64G1/40|B64G1/401|B64G1/60,Spacecraft / Launch Systems,4,,1,2016-12-27,2019-12-31,,Mark Featherstone; Frederick W. Boelitz; Roger E. Ramsey; David M. Biggs,0,0
Blue Origin,15342501,US10266282,"LAUNCH VEHICLES WITH RING-SHAPED EXTERNAL ELEMENTS, AND ASSOCIATED SYSTEMS AND METHODS",,grant,granted,"Blue Origin, LLC",US,2016-11-03,2016,2019-04-23,2019,B64G1/2229|B64G1/623|B64G1/4021|B64G1/002|B64G1/12|B64G1/14|B64G1/40|B64G1/645,Spacecraft / Launch Systems,4,,1,2016-11-03,2019-04-23,,Mark Featherstone; John Michael Sanders; Roger E. Ramsey; Eric David Wetzel,0,0
Blue Origin,14733824,US9469418,"COMPOSITE STRUCTURES FOR AEROSPACE VEHICLES, AND ASSOCIATED SYSTEMS AND METHODS",,grant,granted,"Blue Origin, LLC",US,2015-06-08,2015,2016-10-18,2016,B64G1/22|B64G1/62|B32B3/12|B32B2605/18|B64G1/10|B64G1/12|B64G1/56|B64G1/58,Spacecraft / Launch Systems,3,,1,2015-06-08,2016-10-18,,Emmanuel Grillos; Dennis Arthur Trimble; Douglas Lewis Grose,0,0
Blue Origin,14550782,US9580191,"CONTROL SURFACES FOR USE WITH HIGH SPEED VEHICLES, AND ASSOCIATED SYSTEMS AND METHODS",,grant,granted,"Blue Origin, LLC",US,2014-11-21,2014,2017-02-28,2017,B64G1/625|B64G1/623|B64G1/006|B64C9/00|B64G1/24|B64G1/40|B64G1/401|B64G1/60,Spacecraft / Launch Systems,4,,1,2014-11-21,2017-02-28,,Mark Featherstone; Frederick W. Boelitz; Roger E. Ramsey; David M. Biggs,0,0
Blue Origin,14508595,US8991767,"CONTROL SURFACES FOR USE WITH HIGH SPEED VEHICLES, AND ASSOCIATED SYSTEMS AND METHODS",,grant,granted,"Blue Origin, LLC",US,2014-10-07,2014,2015-03-31,2015,B64G1/623|B64G1/625|B64G1/006|B64C9/00|B64G1/24|B64G1/40|B64G1/401|B64G1/60,Spacecraft / Launch Systems,1,,1,2014-10-07,2015-03-31,,Mark Featherstone,0,0
Blue Origin,14103742,US8894016,"BIDIRECTIONAL CONTROL SURFACES FOR USE WITH HIGH SPEED VEHICLES, AND ASSOCIATED SYSTEMS AND METHODS",,grant,granted,Blue Origin LLC,US,2013-12-11,2013,2014-11-25,2014,B64G1/623|B64G1/625|B64G1/006|B64C9/00|B64G1/24|B64G1/40|B64G1/401|B64G1/60,Spacecraft / Launch Systems,1,,1,2013-12-11,2014-11-25,,Mark Featherstone,0,0
Blue Origin,13968326,US8876059,"BIDIRECTIONAL CONTROL SURFACES FOR USE WITH HIGH SPEED VEHICLES, AND ASSOCIATED SYSTEMS AND METHODS",,grant,granted,"Blue Origin, LLC",US,2013-08-15,2013,2014-11-04,2014,B64G1/625|B64G1/623|B64G1/006|B64C9/00|B64G1/24|B64G1/40|B64G1/401|B64G1/60,Spacecraft / Launch Systems,1,,1,2013-08-15,2014-11-04,,Mark Featherstone,0,0
Rocket Lab,17819551,US12196159,ROCKET ENGINE INJECTOR,,grant,granted,"Rocket Lab USA, Inc.",US,2022-08-12,2022,2025-01-14,2025,,Other,3,,1,2022-08-12,2025-01-14,,Peter Joseph Beck; Lachlan Jesse Matchett; Peter William Edward Barlow,0,0
Rocket Lab,17818232,US12006894,JETTISONABLE BATTERY SYSTEMS FOR POWERING ELECTRICAL TURBOPUMPS FOR LAUNCH VEHICLE ROCKET ENGINE SYSTEMS,,grant,granted,"Rocket Lab USA, Inc.",US,2022-08-08,2022,2024-06-11,2024,H01M50/244|F02K9/46|H01M50/249|F02K9/563|F02K9/60|F02K99/00|H01M6/5044|H01M8/188,Rocket Propulsion,4,,1,2022-08-08,2024-06-11,,Peter Joseph Beck; Naomi Altman; Jarrod William Burton; Shaun Keith O'Donnell,0,0
Rocket Lab,17466723,US11814194,SATELLITE DEPLOYER WITH COMPOSITE GUIDE RAIL,,grant,granted,"Rocket Lab USA, Inc.",US,2021-09-03,2021,2023-11-14,2023,B64G1/22|F16C29/005|B64G1/6455|B64G1/6457|B64G1/2427|B26D5/12|B60P7/135|B60P7/16,Spacecraft / Launch Systems,4,,1,2021-09-03,2023-11-14,,Peter Beck; Peter Barlow; David Yoon; Ben Malcolm,0,0
Rocket Lab,17303893,US11408375,ROCKET ENGINE TURBOPUMP WITH COOLANT PASSAGE IN IMPELLER CENTRAL HUB,,grant,granted,"Rocket Lab USA, Inc.",US,2021-06-09,2021,2022-08-09,2022,B33Y80/00|F02K9/972|B33Y10/00|B23K26/282|B23K26/342|Y02P10/25|B23K2103/26|B23K2101/001,Rocket Propulsion,3,,1,2021-06-09,2022-08-09,,Peter Joseph Beck; Lachlan Jesse Matchett; Peter William Edward Barlow,0,0
Rocket Lab,17303894,US11415082,"TURBOPUMP, THRUST CHAMBER, AND INJECTOR WITH DISTRIBUTION SYSTEM AND A CIRCULAR ARRAY OF SUPPORT COLUMNS TO FLOW LIQUID FROM THE DISTRIBUTION SYSTEM INTO A COMBUSTION CHAMBER",,grant,granted,"Rocket Lab USA, Inc.",US,2021-06-09,2021,2022-08-16,2022,F02K9/972|B33Y10/00|B33Y80/00|B22F12/20|B22F10/47|B22F10/28|F02K9/46|F02K9/52,Rocket Propulsion,3,,1,2021-06-09,2022-08-16,,Peter Joseph Beck; Lachlan Jesse Matchett; Peter William Edward Barlow,0,0
Rocket Lab,17343614,US11794928,SATELLITE DEPLOYER WITH EXTERNALLY ADJUSTABLE PAYLOAD RESTRAINT,,grant,granted,"Rocket Lab USA, Inc.",US,2021-06-09,2021,2023-10-24,2023,B64G1/22|B64G1/6455|B64G1/6457|B64G1/2427|B26D5/12|B60P7/135|B60P7/16|E05D3/08,Spacecraft / Launch Systems,4,,1,2021-06-09,2023-10-24,,Peter Beck; Peter Barlow; David Yoon; Ben Malcolm,0,0
Rocket Lab,16946341,US11022073,ROCKET ENGINE TURBOPUMP WITH COOLANT PASSAGE IN IMPELLER CENTRAL HUB,,grant,granted,"Rocket Lab USA, Inc.",US,2020-06-17,2020,2021-06-01,2021,B33Y80/00|F02K9/972|B33Y10/00|B23K26/282|B23K26/342|Y02P10/25|B23K2103/26|B23K2101/001,Rocket Propulsion,3,,1,2020-06-17,2021-06-01,,Peter Joseph Beck; Lachlan Jesse Matchett; Peter William Edward Barlow,0,0
Rocket Lab,16833366,US11408374,JETTISONABLE BATTERY SYSTEMS FOR POWERING ELECTRICAL TURBOPUMPS FOR LAUNCH VEHICLE ROCKET ENGINE SYSTEMS,,grant,granted,"Rocket Lab USA, Inc.",US,2020-03-27,2020,2022-08-09,2022,F02K9/46|F02K9/563|F02K99/00|H01M6/5044|H01M8/188|H01M8/20|H01M2220/20,Rocket Propulsion,4,,1,2020-03-27,2022-08-09,,Peter Joseph Beck; Naomi Altman; Jarrod William Burton; Shaun Keith O'Donnell,0,0
Rocket Lab,16051268,US11148830,SATELLITE DEPLOYER WITH COMPOSITE GUIDE RAIL,,grant,granted,"Rocket Lab USA, Inc.",US,2018-07-31,2018,2021-10-19,2021,B64G1/22|F16C29/005|B64G1/6455|B64G1/6457|B64G1/2427|B26D5/12|B60P7/135|B60P7/16,Spacecraft / Launch Systems,4,,1,2018-07-31,2021-10-19,,Peter Beck; Peter Barlow; David Yoon; Ben Malcolm,0,0
Rocket Lab,16051271,US11059609,SATELLITE DEPLOYER WITH EXTERNALLY ADJUSTABLE PAYLOAD RESTRAINT,,grant,granted,"Rocket Lab USA, Inc.",US,2018-07-31,2018,2021-07-13,2021,B64G1/22|B64G1/6455|B64G1/6457|B64G1/2427|B26D5/12|B60P7/135|B60P7/16|E05D3/08,Spacecraft / Launch Systems,4,,1,2018-07-31,2021-07-13,,Peter Beck; Peter Barlow; David Yoon; Ben Malcolm,0,0
Rocket Lab,16051266,US10981679,SATELLITE DEPLOYER DOOR RELEASE MECHANISM,,grant,granted,"Rocket Lab USA, Inc.",US,2018-07-31,2018,2021-04-20,2021,B64G1/22|B64G1/6455|B64G1/6457|B64G1/2427|B26D5/12|B60P7/135|B60P7/16|E05D3/08,Spacecraft / Launch Systems,4,,1,2018-07-31,2021-04-20,,Peter Beck; Peter Barlow; David Yoon; Ben Malcolm,0,0
Rocket Lab,16051267,US11066192,SATELLITE DEPLOYER DOOR WITH CLUTCH BEARING,,grant,granted,"Rocket Lab USA, Inc.",US,2018-07-31,2018,2021-07-20,2021,B64G1/22|B64G1/6455|B64G1/6457|B64G1/2427|B26D5/12|B60P7/135|B60P7/16|E05D3/08,Spacecraft / Launch Systems,4,,1,2018-07-31,2021-07-20,,Peter Beck; Peter Barlow; David Yoon; Ben Malcolm,0,0
Rocket Lab,15192251,US11408373,JETTISONABLE BATTERY SYSTEMS FOR POWERING ELECTRICAL TURBOPUMPS FOR LAUNCH VEHICLE ROCKET ENGINE SYSTEMS,,grant,granted,"Rocket Lab USA, Inc.",US,2016-06-24,2016,2022-08-09,2022,H01M50/244|F02K9/46|H01M50/249|F02K9/563|F02K9/60|F02K99/00|H01M6/5044|H01M8/188,Rocket Propulsion,4,,1,2016-06-24,2022-08-09,,Peter Joseph Beck; Naomi Altman; Jarrod William Burton; Shaun Keith O'Donnell,0,0
Rocket Lab,15094809,US10527003,"ROCKET ENGINE THRUST CHAMBER, INJECTOR, AND TURBOPUMP",,grant,granted,"Rocket Lab USA, Inc.",US,2016-04-08,2016,2020-01-07,2020,F02K9/972|B33Y10/00|B33Y80/00|B22F12/20|B22F10/47|B22F10/28|F02K9/46|F02K9/52,Rocket Propulsion,3,,1,2016-04-08,2020-01-07,,Peter Joseph Beck; Lachlan Jesse Matchett; Peter William Edward Barlow,0,0
Maxar Technologies,18185185,US12472401,EXERCISE REHABILITATION SYSTEM USING SMART MIRROR,,grant,granted,"MDA Co., Ltd.",US,2023-03-16,2023,2025-11-18,2025,A61B5/486|A63B24/0075|A61B5/1116|A61B5/1123|A61B5/1124|A61B5/1176|A63B24/0062|A63B2024/0078,Other,2,,1,2023-03-16,2025-11-18,,Jin Wook CHOI; Kyoung Dong Kim,0,0
Maxar Technologies,17932222,US12020564,HASHING VEHICLE POSITION DATA IN REAL-TIME TO DETECT BEHAVIOR PATTERNS,,grant,granted,Maxar Technologies Holdings Inc.,US,2022-09-14,2022,2024-06-25,2024,G08G1/0125,Other,1,,1,2022-09-14,2024-06-25,,Adam Cook,0,0
Maxar Technologies,17932208,US12374215,HASHING VEHICLE POSITION DATA IN REAL-TIME TO DETECT BEHAVIOR PATTERNS,,grant,granted,Maxar Technologies Holdings Inc.,US,2022-09-14,2022,2025-07-29,2025,G08G1/0125|G08G1/22,Other,1,,1,2022-09-14,2025-07-29,,Adam Cook,0,0
Maxar Technologies,17069776,US11462007,SYSTEM FOR SIMPLIFIED GENERATION OF SYSTEMS FOR BROAD AREA GEOSPATIAL OBJECT DETECTION,,grant,granted,"DigitalGlobe, Inc.",US,2020-10-13,2020,2022-10-04,2022,G06N3/08|G06T7/10|G06T7/73|G06N20/20|G06V10/50|G06V20/176|G06V10/774|G06V10/776,Computing / Software,3,,1,2020-10-13,2022-10-04,,Adam Estrada; Kevin Green; Andrew Jenkins,0,0
Maxar Technologies,17037305,US11551439,SOME AUTOMATED AND SEMI-AUTOMATED TOOLS FOR LINEAR FEATURE EXTRACTION IN TWO AND THREE DIMENSIONS,,grant,granted,"DigitalGlobe, Inc.",US,2020-09-29,2020,2023-01-10,2023,G06V10/44|G06V10/469|G06V20/182|G06V20/13|G06V10/945|G06F18/40|G06T17/05,Computing / Software,3,,1,2020-09-29,2023-01-10,,Jacek Grodecki; Seth Malitz; Josh Nolting,0,0
Maxar Technologies,16804315,US11407530,SENSOR SHIFT FOR REMOTE SENSING,,grant,granted,"DIGITALGLOBE, INC.",US,2020-02-28,2020,2022-08-09,2022,B64G1/1021|H04N25/48|H04N25/41|B64G1/1028|B64G1/242|B64G1/361|G01C11/02|G01C11/06,Spacecraft / Launch Systems,1,,1,2020-02-28,2022-08-09,,VICTOR SOLANYK,0,0
Maxar Technologies,16709673,US11275939,MOVEMENT INTELLIGENCE USING SATELLITE IMAGERY,,grant,granted,"DigitalGlobe, Inc.",US,2019-12-10,2019,2022-03-15,2022,G06V20/182|G06F16/5866|G06F16/29|G06F16/56|G06V10/25|G06V20/54|G06V10/62|G06V40/20,Computing / Software,1,,1,2019-12-10,2022-03-15,,Ken Campbell,0,0
Maxar Technologies,16553060,US10733759,BROAD AREA GEOSPATIAL OBJECT DETECTION USING AUTOGENERATED DEEP LEARNING MODELS,,grant,granted,"DigitalGlobe, Inc.",US,2019-08-27,2019,2020-08-04,2020,G06T7/74|G06T7/344|G06T7/33|G06V10/454|G06V10/82|G06V10/764|G06V20/13|G06F18/24137,Computing / Software,4,,1,2019-08-27,2020-08-04,,Adam Estrada; Andrew Jenkins; Benjamin Brock; Chris Mangold,0,0
Maxar Technologies,16533386,US10803310,SYSTEM FOR SIMPLIFIED GENERATION OF SYSTEMS FOR BROAD AREA GEOSPATIAL OBJECT DETECTION,,grant,granted,"DigitalGlobe, Inc.",US,2019-08-06,2019,2020-10-13,2020,G06N3/08|G06T7/10|G06T7/73|G06N20/20|G06V10/50|G06V20/176|G06V10/774|G06V10/776,Computing / Software,3,,1,2019-08-06,2020-10-13,,Adam Estrada; Kevin Green; Andrew Jenkins,0,0
Maxar Technologies,16507012,US11294981,System and Method for Large Scale Crowdsourcing of Map Data Cleanup and Correction,,grant,granted,"DigitalGlobe, Inc.",US,2019-07-09,2019,2022-04-05,2022,G06F16/9537|G06F16/5866|G06F16/29|G06Q30/018|G06Q50/01,Computing / Software,3,,1,2019-07-09,2022-04-05,,Shay Har-Noy; Luke Barrington; Nathan Ricklin,0,0
Maxar Technologies,16438384,US10789469,SOME AUTOMATED AND SEMI-AUTOMATED TOOLS FOR LINEAR FEATURE EXTRACTION IN TWO AND THREE DIMENSIONS,,grant,granted,"DigitalGlobe, Inc.",US,2019-06-11,2019,2020-09-29,2020,G06V10/44|G06V10/469|G06V20/182|G06V20/13|G06V10/945|G06F18/40|G06T17/05,Computing / Software,3,,1,2019-06-11,2020-09-29,,Jacek Grodecki; Seth Malitz; Josh Nolting,0,0
Maxar Technologies,16293409,US11017593,AUTOMATED REGISTRATION OF THREE-DIMENSIONAL VECTORS TO THREE-DIMENSIONAL LINEAR FEATURES IN REMOTELY-SENSED DATA,,grant,granted,"DigitalGlobe, Inc.",US,2019-03-05,2019,2021-05-25,2021,G06T17/05|G01C11/04|G01C21/34|G06F3/04815,Computing / Software,2,,1,2019-03-05,2021-05-25,,Jacek Grodecki; Josh Nolting,0,0
Maxar Technologies,16224400,US10636169,SYNTHESIZING TRAINING DATA FOR BROAD AREA GEOSPATIAL OBJECT DETECTION,,grant,granted,"DIGITALGLOBE, INC.",US,2018-12-18,2018,2020-04-28,2020,G06V10/774|G06T7/73|G06T7/75|G06T7/90|G06V20/176|G06F18/24|G06F18/214|G06N3/045,Computing / Software,6,,1,2018-12-18,2020-04-28,,Adam Estrada; Christopher Burd; Andrew Jenkins; Joseph Newbrough; Scott Szoko; Melanie Vinton,0,0
Maxar Technologies,16182367,US10474895,SYSTEM AND METHODS FOR SEMI-AUTOMATED EDITING OF ORTHOMOSAICS BUILT FROM REMOTELY-SENSED IMAGERY,,grant,granted,"DigitalGlobe, Inc.",US,2018-11-06,2018,2019-11-12,2019,G01C21/3676|G06V20/182|G01C11/02|G01C21/3602|G01C21/3614|G06T3/4038|G06T17/05,Computing / Software,3,,1,2018-11-06,2019-11-12,,Matthew Tang; John Thiel; David Neckels,0,0
Maxar Technologies,16150177,US10503975,MOVEMENT INTELLIGENCE USING SATELLITE IMAGERY,,grant,granted,"DigitalGlobe, Inc.",US,2018-10-02,2018,2019-12-10,2019,G06V20/182|G06F16/5866|G06F16/29|G06F16/56|G06V10/25|G06V20/54|G06V10/62|G06V40/20,Computing / Software,1,,1,2018-10-02,2019-12-10,,Ken Campbell,0,0
Maxar Technologies,16140052,US10685253,ADVANCED CLOUD DETECTION USING NEURAL NETWORKS AND OPTIMIZATION TECHNIQUES,,grant,granted,"DIGITALGLOBE, INC.",US,2018-09-24,2018,2020-06-16,2020,G06N3/08|G06T7/162|G06T7/143|G06T7/11|G06F16/9024|G06V20/194|G06V20/13|G06F18/24,Computing / Software,1,,1,2018-09-24,2020-06-16,,MICHAEL ASCHENBECK,0,0
Maxar Technologies,16027235,US10395388,BROAD AREA GEOSPATIAL OBJECT DETECTION USING AUTOGENERATED DEEP LEARNING MODELS,,grant,granted,"DigitalGlobe, Inc.",US,2018-07-03,2018,2019-08-27,2019,G06T7/74|G06T7/344|G06T7/33|G06V10/454|G06V10/82|G06V10/764|G06V20/13|G06F18/24137,Computing / Software,4,,1,2018-07-03,2019-08-27,,Adam Estrada; Andrew Jenkins; Benjamin Brock; Chris Mangold,0,0
Maxar Technologies,16000844,US10832390,ATMOSPHERIC COMPENSATION IN SATELLITE IMAGERY,,grant,granted,"DigitalGlobe, Inc.",US,2018-06-05,2018,2020-11-10,2020,G06T5/20|G06T7/514|G06T2207/10032|G06T2207/10036|G06T2207/10041|G06T2207/30181,Computing / Software,1,,1,2018-06-05,2020-11-10,,Fabio Pacifici,0,0
Maxar Technologies,15906348,US10372985,SYSTEM FOR SIMPLIFIED GENERATION OF SYSTEMS FOR BROAD AREA GEOSPATIAL OBJECT DETECTION,,grant,granted,"DigitalGlobe, Inc.",US,2018-02-27,2018,2019-08-06,2019,G06N3/08|G06T7/10|G06T7/73|G06N20/20|G06V10/50|G06V20/176|G06V10/774|G06V10/776,Computing / Software,3,,1,2018-02-27,2019-08-06,,Adam Estrada; Kevin Green; Andrew Jenkins,0,0
Maxar Technologies,15860281,US10346952,AUTOMATED SEAMLINE CONSTRUCTION FOR HIGH-QUALITY HIGH-RESOLUTION ORTHOMOSAICS,,grant,granted,"DigitalGlobe, Inc.",US,2018-01-02,2018,2019-07-09,2019,G06T3/4038|G06F16/5838|G06F16/532|G06F16/56,Computing / Software,1,,1,2018-01-02,2019-07-09,,Seth Malitz,0,0
Maxar Technologies,15825478,US10577131,SENSOR SHIFT FOR REMOTE SENSING,,grant,granted,"DigitalGlobe, Inc.",US,2017-11-29,2017,2020-03-03,2020,B64G1/1021|H04N25/48|H04N25/41|B64G1/1028|B64G1/242|B64G1/361|G01C11/02|G01C11/06,Spacecraft / Launch Systems,1,,1,2017-11-29,2020-03-03,,VICTOR SOLANYK,0,0
Maxar Technologies,15812124,US10691942,UNSUPERVISED LAND USE AND LAND COVER DETECTION,,grant,granted,"DigitalGlobe, Inc.",US,2017-11-14,2017,2020-06-23,2020,G06T7/0004|G06T7/12|G06T7/11|G06T7/90|G06F16/5854|G06V10/30|G06V20/176|G06V20/13,Computing / Software,1,,1,2017-11-14,2020-06-23,,Georgios Ouzounis,0,0
Maxar Technologies,15802743,US10679055,ANOMALY DETECTION USING NON-TARGET CLUSTERING,,grant,granted,"DigitalGlobe, Inc.",US,2017-11-03,2017,2020-06-09,2020,G06T7/0004|G06T7/12|G06T7/11|G06T7/90|G06F16/5854|G06V10/30|G06V20/176|G06V20/13,Computing / Software,2,,1,2017-11-03,2020-06-09,,Georgios Ouzounis; Kostas Stamatiou,0,0
Maxar Technologies,15802313,US10372984,SHAPE-BASED SEGMENTATION USING HIERARCHICAL IMAGE REPRESENTATIONS FOR AUTOMATIC TRAINING DATA GENERATION AND SEARCH SPACE SPECIFICATION FOR MACHINE LEARNING ALGORITHMS,,grant,granted,"DigitalGlobe, Inc.",US,2017-11-02,2017,2019-08-06,2019,G06T7/0004|G06T7/12|G06T7/11|G06T7/90|G06F16/5854|G06V10/30|G06V20/176|G06V20/13,Computing / Software,3,,1,2017-11-02,2019-08-06,,Georgios Ouzounis; Kostas Stamatiou; Nikki Aldeborgh,0,0
Maxar Technologies,15716425,US11024044,TECHNIQUES FOR IMAGE CO-REGISTRATION,,grant,granted,"DigitalGlobe, Inc.",US,2017-09-26,2017,2021-06-01,2021,G06T7/32|G06T7/207|G06T7/35|G06T2207/10036,Computing / Software,1,,1,2017-09-26,2021-06-01,,GRZEGORZ MIECZNIK,0,0
Maxar Technologies,15709252,US10157479,SYNTHESIZING TRAINING DATA FOR BROAD AREA GEOSPATIAL OBJECT DETECTION,,grant,granted,"DigitalGlobe, Inc.",US,2017-09-19,2017,2018-12-18,2018,G06V10/774|G06T7/73|G06T7/75|G06T7/90|G06V20/176|G06N3/09|G06F18/24|G06F18/214,Computing / Software,6,,1,2017-09-19,2018-12-18,,Adam Estrada; Christopher Burd; Andrew Jenkins; Joseph Newbrough; Scott Szoko; Melanie Vinton,0,0
Maxar Technologies,15694353,US10515272,MUDDY WATER DETECTION USING NORMALIZED SEMANTIC LAYERS,,grant,granted,"DigitalGlobe, Inc.",US,2017-09-01,2017,2019-12-24,2019,G06T7/0004|G06T7/12|G06T7/11|G06T7/90|G06F16/5854|G06V10/30|G06V20/176|G06V20/13,Computing / Software,2,,1,2017-09-01,2019-12-24,,Georgios Ouzounis; Kostas Stamatiou,0,0
Maxar Technologies,15672267,US10318808,SOME AUTOMATED AND SEMI-AUTOMATED TOOLS FOR LINEAR FEATURE EXTRACTION IN TWO AND THREE DIMENSIONS,,grant,granted,"DigitalGlobe, Inc.",US,2017-08-08,2017,2019-06-11,2019,G06V10/44|G06V10/469|G06V20/182|G06V20/13|G06V10/945|G06F18/40|G06T17/05,Computing / Software,3,,1,2017-08-08,2019-06-11,,Jacek Grodecki; Seth Malitz; Josh Nolting,0,0
Maxar Technologies,15608894,US9904849,SYSTEM FOR SIMPLIFIED GENERATION OF SYSTEMS FOR BROAD AREA GEOSPATIAL OBJECT DETECTION,,grant,granted,"DigitalGlobe, Inc.",US,2017-05-30,2017,2018-02-27,2018,G06N3/08|G06T7/10|G06T7/73|G06N20/20|G06V10/50|G06V20/176|G06V10/774|G06V10/776,Computing / Software,3,,1,2017-05-30,2018-02-27,,Adam Estrada; Kevin Green; Andrew Jenkins,0,0
Maxar Technologies,15490866,US9922252,AUTOMATED CONVERSION OF TWO-DIMENSIONAL HYDROLOGY VECTOR MODELS INTO VALID THREE-DIMENSIONAL HYDROLOGY VECTOR MODELS,,grant,granted,"DigitalGlobe, Inc.",US,2017-04-18,2017,2018-03-20,2018,G06T17/05,Computing / Software,2,,1,2017-04-18,2018-03-20,,Jacek Grodecki; Seth Malitz,0,0
Maxar Technologies,15488918,US10152802,METHOD AND APPARATUS FOR IMAGING THE SILHOUETTE OF AN OBJECT OCCLUDING A LIGHT SOURCE USING A SYNTHETIC APERATURE,,grant,granted,MDA Information Systems LLC,US,2017-04-17,2017,2018-12-11,2018,G06T7/579|G06T7/262|G06T7/248|G06T5/73|G01J1/44|G01J2003/2826|G02B23/12|G06T5/10,Computing / Software,1,,1,2017-04-17,2018-12-11,,Richard G. Paxman,0,0
Maxar Technologies,15465581,US10121074,SYSTEM AND METHODS FOR SEMI-AUTOMATED EDITING OF ORTHO-MOSAICS BUILT FROM REMOTELY-SENSED IMAGERY,,grant,granted,"DigitalGlobe, Inc.",US,2017-03-21,2017,2018-11-06,2018,G01C21/3676|G06V20/182|G01C11/02|G01C21/3602|G01C21/3614|G06T3/4038|G06T17/05,Computing / Software,3,,1,2017-03-21,2018-11-06,,Matthew Tang; John Thiel; David Neckels,0,0
Maxar Technologies,15452076,US10013774,BROAD AREA GEOSPATIAL OBJECT DETECTION USING AUTOGENERATED DEEP LEARNING MODELS,,grant,granted,"DigitalGlobe, Inc.",US,2017-03-07,2017,2018-07-03,2018,G06T7/74|G06T7/344|G06T7/33|G06V10/454|G06V10/82|G06V10/764|G06V20/13|G06F18/24137,Computing / Software,4,,1,2017-03-07,2018-07-03,,Adam Estrada; Andrew Jenkins; Benjamin Brock; Chris Mangold,0,0
Maxar Technologies,15445949,US10311557,AUTOMATED TONAL BALANCING,,grant,granted,"DigitalGlobe, Inc.",US,2017-02-28,2017,2019-06-04,2019,G06T5/92|G06T5/73|G06T5/94|G06T5/70|G06T3/4038|G06T2200/32|G06T2207/10024|G06T2207/10032,Computing / Software,3,,1,2017-02-28,2019-06-04,,Nathan Reid Swanson; Patrick Young; Spencer Stirling,0,0
Maxar Technologies,15391786,US10482122,SYSTEM AND METHOD FOR MULTIRESOLUTION AND MULTITEMPORAL IMAGE SEARCH,,grant,granted,"DigitalGlobe, Inc.",US,2016-12-27,2016,2019-11-19,2019,G06F16/5854|G06T7/11|G06F16/5838|G06F16/583|G06F16/51|G06F16/5862|G06F16/9535|G06F16/56,Computing / Software,1,,1,2016-12-27,2019-11-19,,Carsten Tusk,0,0
Maxar Technologies,15362254,US10083354,ADVANCED CLOUD DETECTION USING MACHINE LEARNING AND OPTIMIZATION TECHNIQUES,,grant,granted,"DigitalGlobe, Inc.",US,2016-11-28,2016,2018-09-25,2018,G06T7/162|G06T7/11|G06V10/7715|G06V10/84|G06V10/7635|G06V20/13|G06F18/29|G06F18/2323,Computing / Software,1,,1,2016-11-28,2018-09-25,,MICHAEL ASCHENBECK,0,0
Maxar Technologies,15341338,US10346446,SYSTEM AND METHOD FOR AGGREGATING MULTI-SOURCE DATA AND IDENTIFYING GEOGRAPHIC AREAS FOR DATA ACQUISITION,,grant,granted,MDA Information Systems LLC,US,2016-11-02,2016,2019-07-09,2019,G06F16/29|G06F16/245|H04L51/222|H04L51/52|B64G1/1021|H04W4/12,Computing / Software,1,,1,2016-11-02,2019-07-09,,Alfred W. League,0,0
Maxar Technologies,15262118,US10346495,SYSTEM AND METHOD FOR LARGE SCALE CROWDSOURCING OF MAP DATA CLEANUP AND CORRECTION,,grant,granted,"DigitalGlobe, Inc.",US,2016-09-12,2016,2019-07-09,2019,G06F16/9537|G06F16/5866|G06F16/29|G06Q30/018|G06Q50/01,Computing / Software,3,,1,2016-09-12,2019-07-09,,Shay Har-Noy; Luke Barrington; Nathan Ricklin,0,0
Maxar Technologies,15241034,US10089528,MOVEMENT INTELLIGENCE USING SATELLITE IMAGERY,,grant,granted,"DigitalGlobe, Inc.",US,2016-08-18,2016,2018-10-02,2018,G06V20/182|G06F16/5866|G06F16/29|G06F16/56|G06V10/25|G06V20/54|G06V10/62|G06V40/20,Computing / Software,1,,1,2016-08-18,2018-10-02,,Ken Campbell,0,0
Maxar Technologies,15228954,US10120884,CHOREOGRAPHING AUTOMATED AND MANUAL PROCESSES IN SUPPORT OF MOSAIC GENERATION,,grant,granted,"DIGITALGLOBE, INC.",US,2016-08-04,2016,2018-11-06,2018,G06F16/51|H04N23/698|G06T3/4038|G06T2207/10032|H04N1/3876|H04N1/6027|H04N5/77,Computing / Software,1,,1,2016-08-04,2018-11-06,,NATHAN SWANSON,0,0
Maxar Technologies,15204307,US9940514,AUTOMATED GEOSPATIAL IMAGE MOSAIC GENERATION WITH MULTIPLE ZOOM LEVEL SUPPORT,,grant,granted,"DigitalGlobe, Inc.",US,2016-07-07,2016,2018-04-10,2018,G06T3/4038|G06V20/194|G06V30/422|G06V10/30|G06V20/13|G06T11/60|G09B29/102|G09B29/106,Computing / Software,1,,1,2016-07-07,2018-04-10,,Kumar Navalur,0,0
Maxar Technologies,15194541,US9767565,SYNTHESIZING TRAINING DATA FOR BROAD AREA GEOSPATIAL OBJECT DETECTION,,grant,granted,"DigitalGlobe, Inc.",US,2016-06-27,2016,2017-09-19,2017,G06V10/774|G06T7/73|G06T7/75|G06T7/90|G06V20/176|G06F18/24|G06F18/214|G06N3/045,Computing / Software,6,,1,2016-06-27,2017-09-19,,Adam Estrada; Christopher Burd; Andrew Jenkins; Joseph Newbrough; Scott Szoko; Melanie Vinton,0,0
Maxar Technologies,15186171,US9990705,ATMOSPHERIC COMPENSATION IN SATELLITE IMAGERY,,grant,granted,"DigitalGlobe, Inc.",US,2016-06-17,2016,2018-06-05,2018,G06T5/20|G06T7/514|G06T2207/10032|G06T2207/10036|G06T2207/10041|G06T2207/30181,Computing / Software,1,,1,2016-06-17,2018-06-05,,Fabio Pacifici,0,0
Maxar Technologies,15093040,US9767361,BATHYMETRIC TECHNIQUES USING SATELLITE IMAGERY,,grant,granted,"DigitalGlobe, Inc.",US,2016-04-07,2016,2017-09-19,2017,G01C13/008|G06T7/50|Y02A90/30|G01F23/80|G01F23/292|G01S11/12|G06T11/60|G06T2207/10028,Computing / Software,2,,1,2016-04-07,2017-09-19,,GRZEGORZ MIECZNIK; BRETT W. BADER,0,0
Maxar Technologies,15077886,US10176194,ENHANCED CROWDSOURCED SEARCH AND LOCATE PLATFORM,,grant,granted,"DigitalGlobe, Inc.",US,2016-03-22,2016,2019-01-08,2019,G06F16/387|G06F16/5866|G06F16/29|G06F16/50|G06Q10/101|G06Q10/103|G06Q50/01,Computing / Software,3,,1,2016-03-22,2019-01-08,,Shay Har-Noy; Luke Barrington; Nathan Ricklin,0,0
Maxar Technologies,15064609,US9619710,AUTOMATED REMOTE CAR COUNTING,,grant,granted,"DigitalGlobe, Inc.",US,2016-03-09,2016,2017-04-11,2017,G06V20/176|G06T7/70|G06F16/583|G06F16/51|G06T2207/10016|G06T2207/10032|G06T2207/20092|G06T2207/20224,Computing / Software,1,,1,2016-03-09,2017-04-11,,Mark Tabb,0,0
Maxar Technologies,15040780,US9916640,AUTOMATED SLIVER REMOVAL IN ORTHOMOSAIC GENERATION,,grant,granted,"DIGITALGLOBE, INC.",US,2016-02-10,2016,2018-03-13,2018,G06T3/4038|G06T2200/32|G06T2207/10032|G06T2207/30181,Computing / Software,1,,1,2016-02-10,2018-03-13,,NATHAN SWANSON,0,0
Maxar Technologies,14993074,US10223828,AUTOMATED REGISTRATION OF THREE-DIMENSIONAL VECTORS TO THREE-DIMENSIONAL LINEAR FEATURES IN REMOTELY-SENSED DATA,,grant,granted,"DigitalGlobe, Inc.",US,2016-01-11,2016,2019-03-05,2019,G06T17/05|G01C11/04|G01C21/34|G06F3/04815,Computing / Software,2,,1,2016-01-11,2019-03-05,,Jacek Grodecki; Josh Nolting,0,0
Maxar Technologies,14984613,US9875404,AUTOMATED METRIC INFORMATION NETWORK,,grant,granted,"DIGITALGLOBE, INC.",US,2015-12-30,2015,2018-01-23,2018,G06V20/13|G06V30/422|G01C11/06,Computing / Software,5,,1,2015-12-30,2018-01-23,,Carolyn P. Johnston; Ozy Sjahputera; Laurence C. Bleiler; Brett W. Bader; James Thomas Smith II,0,0
Maxar Technologies,14976400,US9672424,GENERATION OF HIGH RESOLUTION POPULATION DENSITY DATA SETS THROUGH EXPLOITATION OF HIGH RESOLUTION OVERHEAD IMAGERY DATA AND LOW RESOLUTION POPULATION DENSITY DATA SETS,,grant,granted,"DigitalGlobe, Inc.",US,2015-12-21,2015,2017-06-06,2017,G06V20/176,Computing / Software,1,,1,2015-12-21,2017-06-06,,Lionel Gueguen,0,0
Maxar Technologies,14941504,US9858479,GLOBAL-SCALE DAMAGE DETECTION USING SATELLITE IMAGERY,,grant,granted,"DIGITALGLOBE, INC.",US,2015-11-13,2015,2018-01-02,2018,G06V20/176|G06V10/464|G06V10/762|G06V10/235|G06V10/435|G06F18/2411|G06F18/23,Computing / Software,2,,1,2015-11-13,2018-01-02,,Muhammad Hamid; Lionel Gueguen,0,0
Maxar Technologies,14837628,US9619734,CLASSIFICATION OF LAND BASED ON ANALYSIS OF REMOTELY-SENSED EARTH IMAGES,,grant,granted,"DigitalGlobe, Inc.",US,2015-08-27,2015,2017-04-11,2017,G06V20/13|G06F16/29|G06V20/194|G06F18/2411,Computing / Software,5,,1,2015-08-27,2017-04-11,,Giovanni B. Marchisio; Carsten Tusk; Krzysztof Koperski; Mark D. Tabb; Jeffrey D. Shafer,0,0
Maxar Technologies,14835736,US9589210,BROAD AREA GEOSPATIAL OBJECT DETECTION USING AUTOGENERATED DEEP LEARNING MODELS,,grant,granted,"DigitalGlobe, Inc.",US,2015-08-26,2015,2017-03-07,2017,G06T7/74|G06T7/344|G06T7/33|G06V10/454|G06V10/82|G06V10/764|G06V20/13|G06F18/24137,Computing / Software,4,,1,2015-08-26,2017-03-07,,Adam Estrada; Andrew Jenkins; Benjamin Brock; Chris Mangold,0,0
Maxar Technologies,14826740,US9569690,AUTOMATED AND SCALABLE OBJECT AND FEATURE EXTRACTION FROM IMAGERY,,grant,granted,"DigitalGlobe, Inc.",US,2015-08-14,2015,2017-02-14,2017,G06V20/13|G06T5/40|G06T2207/10016|G06T2207/10036|G06T2207/20182|G06T2207/30181|H04N1/4074,Computing / Software,5,,1,2015-08-14,2017-02-14,,Giovanni B. Marchisio; Mark D. Tabb; Carsten Tusk; Krzysztof Koperski; Jeffrey D. Shafer,0,0
Maxar Technologies,14819839,US9495618,OBJECT DETECTION WITH TEXTURAL TO SPECTRAL DOMAIN ADAPTATION,,grant,granted,"DIGITALGLOBE, INC.",US,2015-08-06,2015,2016-11-15,2016,G06V10/40|G06V10/462|G06V10/809|G06V10/751|G06V30/19173|G06F18/2411|G06F18/23213|G06T7/40,Computing / Software,1,,1,2015-08-06,2016-11-15,,MARK D. TABB,0,0
Maxar Technologies,14810382,US9922265,GLOBAL-SCALE OBJECT DETECTION USING SATELLITE IMAGERY,,grant,granted,"DigitalGlobe, Inc.",US,2015-07-27,2015,2018-03-20,2018,G06V20/176|G06V10/462,Computing / Software,2,,1,2015-07-27,2018-03-20,,Muhammad Hamid; Stephen O'Hara,0,0
Maxar Technologies,14800644,US10014928,INTEGRATED ARCHITECTURE FOR NEAR-REAL-TIME SATELLITE IMAGING APPLICATIONS,,grant,granted,"DigitalGlobe, Inc.",US,2015-07-15,2015,2018-07-03,2018,H04B7/18528|H04B7/18513|H04B7/18523|H04B10/118,Satellite / Wireless Comms,1,,1,2015-07-15,2018-07-03,,Victor H Leonard,0,0
Maxar Technologies,14789877,US9858645,AUTOMATED SEAMLINE CONSTRUCTION FOR HIGH-QUALITY HIGH-RESOLUTION ORTHOMOSAICS,,grant,granted,"DigitalGlobe, Inc.",US,2015-07-01,2015,2018-01-02,2018,G06T3/4038|G06F16/5838|G06F16/532|G06F16/56,Computing / Software,1,,1,2015-07-01,2018-01-02,,Seth Malitz,0,0
Maxar Technologies,14789893,US9626565,AUTOMATED CONVERSION OF TWO-DIMENSIONAL HYDROLOGY VECTOR MODELS INTO VALID THREE-DIMENSIONAL HYDROLOGY VECTOR MODELS,,grant,granted,"DigitalGlobe, Inc.",US,2015-07-01,2015,2017-04-18,2017,G06T17/05,Computing / Software,2,,1,2015-07-01,2017-04-18,,Jacek Grodecki; Seth Malitz,0,0
Maxar Technologies,14788651,US10121106,SPECTRAL DATA ANALYTIC CUBE CLASSIFIER (SPADACC) FOR CONTINUOUS WIDE AREA GEOSPATIAL MODELING USING NORMALIZED AND HIGHLY DIMENSIONAL MULTISPECTAL RASTER DATA,,grant,granted,"DIGITALGLOBE, INC.",US,2015-06-30,2015,2018-11-06,2018,G06N7/01|G06T17/05|G06T2200/16,Computing / Software,2,,1,2015-06-30,2018-11-06,,James Stokes; Mark Giaconia,0,0
Maxar Technologies,14730176,US9727784,SOME AUTOMATED AND SEMI-AUTOMATED TOOLS FOR LINEAR FEATURE EXTRACTION IN TWO AND THREE DIMENSIONS,,grant,granted,"DigitalGlobe, Inc.",US,2015-06-03,2015,2017-08-08,2017,G06V10/44|G06V10/469|G06V20/182|G06V20/13|G06V10/945|G06F18/40|G06T17/05,Computing / Software,3,,1,2015-06-03,2017-08-08,,Jacek Grodecki; Seth Malitz; Josh Nolting,0,0
Maxar Technologies,14730227,US9600740,SYSTEM AND METHODS FOR SEMI-AUTOMATED EDITING OF ORTHO-MOSAICS BUILT FROM REMOTELY-SENSED IMAGERY,,grant,granted,"DigitalGlobe, Inc.",US,2015-06-03,2015,2017-03-21,2017,G01C21/3676|G06V20/182|G01C11/02|G01C21/3602|G01C21/3614|G06T3/4038|G06T17/05,Computing / Software,3,,1,2015-06-03,2017-03-21,,Matthew Tang; John Thiel; David Neckels,0,0
Maxar Technologies,14708129,US9589334,AUTOMATED TONAL BALANCING,,grant,granted,"DigitalGlobe, Inc.",US,2015-05-08,2015,2017-03-07,2017,G06T5/94|G06T5/92|G06T5/73|G06T5/70|G06T3/4038|G06T2200/32|G06T2207/10024|G06T2207/10032,Computing / Software,3,,1,2015-05-08,2017-03-07,,Nathan Reid Swanson; Patrick Young; Spencer Stirling,0,0
Maxar Technologies,14681043,US10133928,ADVANCED SEMI-AUTOMATED VECTOR EDITING IN TWO AND THREE DIMENSIONS,,grant,granted,"DigitalGlobe, Inc.",US,2015-04-07,2015,2018-11-20,2018,G06V20/13|G06V20/182,Computing / Software,2,,1,2015-04-07,2018-11-20,,Seth Malitz; Jacek Grodecki,0,0
Maxar Technologies,14680495,US10078645,CROWDSOURCED FEATURE IDENTIFICATION AND ORTHORECTIFICATION,,grant,granted,"DigitalGlobe, Inc.",US,2015-04-07,2015,2018-09-18,2018,G06F16/5866|G06F16/285|G06F16/9537|G06F16/248|G06F16/29|G06F3/0482|G06F3/04842|G06Q10/101,Computing / Software,3,,1,2015-04-07,2018-09-18,,Shay Har-Noy; Luke Barrington; Nathan Ricklin,0,0
Maxar Technologies,14680665,US10083186,SYSTEM AND METHOD FOR LARGE SCALE CROWDSOURCING OF MAP DATA CLEANUP AND CORRECTION,,grant,granted,"DigitalGlobe, Inc.",US,2015-04-07,2015,2018-09-25,2018,G06F16/29|G06F16/23|G06F16/587|G06F16/5866|G06Q10/101|G06Q30/0282|G06Q50/01,Computing / Software,3,,1,2015-04-07,2018-09-25,,Shay Har-Noy; Luke Barrington; Nathan Ricklin,0,0
Maxar Technologies,14499440,US9619711,MULTI-SPECTRAL IMAGE LABELING WITH RADIOMETRIC ATTRIBUTE VECTORS OF IMAGE SPACE REPRESENTATION COMPONENTS,,grant,granted,"DigitalGlobe, Inc.",US,2014-09-29,2014,2017-04-11,2017,G06T9/008|G06V20/194|G06V30/2504|G06V10/58|G06V20/188|G06V20/176|G06V20/182|G06V10/764,Computing / Software,1,,1,2014-09-29,2017-04-11,,Georgios Ouzounis,0,0
Maxar Technologies,14340389,US9336441,BATHYMETRIC TECHNIQUES USING SATELLITE IMAGERY,,grant,granted,"DigitalGlobe, Inc.",US,2014-07-24,2014,2016-05-10,2016,G01C13/008|G06T7/50|Y02A90/30|G01F23/80|G01F23/292|G01S11/12|G06T11/60|G06T2207/10028,Computing / Software,2,,1,2014-07-24,2016-05-10,,GRZEGORZ MIECZNIK; BRETT W. BADER,0,0
Maxar Technologies,14307307,US9396391,AUTOMATED GEOSPATIAL IMAGE MOSAIC GENERATION WITH MULTIPLE ZOOM LEVEL SUPPORT,,grant,granted,"DigitalGlobe, Inc.",US,2014-06-17,2014,2016-07-19,2016,G06T3/4038|G06V20/194|G06V30/422|G06V10/30|G06V20/13|G06T11/60|G09B29/102|G09B29/106,Computing / Software,1,,1,2014-06-17,2016-07-19,,Kumar Navulur,0,0
Maxar Technologies,14219884,US9367895,AUTOMATED SLIVER REMOVAL IN ORTHOMOSAIC GENERATION,,grant,granted,"DIGITALGLOBE, INC.",US,2014-03-19,2014,2016-06-14,2016,G06T3/4038|G06T2200/32|G06T2207/10032|G06T2207/30181,Computing / Software,1,,1,2014-03-19,2016-06-14,,NATHAN SWANSON,0,0
Maxar Technologies,14163008,US9639755,AUTOMATED COMPOUND STRUCTURE CHARACTERIZATION IN OVERHEAD IMAGERY,,grant,granted,"DigitalGlobe, Inc.",US,2014-01-24,2014,2017-05-02,2017,G06V20/13|G06V10/464,Computing / Software,1,,1,2014-01-24,2017-05-02,,Lionel Gueguen,0,0
Maxar Technologies,14095637,US9122930,AUTOMATED REMOTE CAR COUNTING,,grant,granted,"DigitalGlobe, Inc.",US,2013-12-03,2013,2015-09-01,2015,G06V20/176|G06T7/70|G06T2207/10032|G06T2207/30242,Computing / Software,1,,1,2013-12-03,2015-09-01,,Mark Tabb,0,0
Maxar Technologies,14095608,US9195876,OIL TANK FARM STORAGE MONITORING,,grant,granted,"DigitalGlobe, Inc.",US,2013-12-03,2013,2015-11-24,2015,G06T7/62|G06T2207/10032|G06T2207/30181,Computing / Software,1,,1,2013-12-03,2015-11-24,,Mark Tabb,0,0
Maxar Technologies,14091412,US9529824,SYSTEM AND METHOD FOR MULTI RESOLUTION AND MULTI TEMPORAL IMAGE SEARCH,,grant,granted,"DigitalGlobe, Inc.",US,2013-11-27,2013,2016-12-27,2016,G06F16/5854|G06T7/11|G06F16/5838|G06F16/583|G06F16/51|G06F16/5862|G06F16/9535|G06F16/56,Computing / Software,1,,1,2013-11-27,2016-12-27,,Carsten Tusk,0,0
Maxar Technologies,14089405,US8682079,AUTOMATIC EXTRACTION OF BUILT-UP FOOTPRINTS FROM HIGH RESOLUTION OVERHEAD IMAGERY THROUGH MANIPULATION OF ALPHA-TREE DATA STRUCTURES,,grant,granted,"DigitalGlobe, Inc.",US,2013-11-25,2013,2014-03-25,2014,G06V20/176|G06V10/454|G06V10/462|G06V10/82|G06V10/48|G06V10/7625|G06V10/267|G06F18/231,Computing / Software,1,,1,2013-11-25,2014-03-25,,Georgios Ouzounis,0,0
Maxar Technologies,14063309,US9230169,GENERATION OF HIGH RESOLUTION POPULATION DENSITY DATA SETS THROUGH EXPLOITATION OF HIGH RESOLUTION OVERHEAD IMAGERY DATA AND LOW RESOLUTION POPULATION DENSITY DATA SETS,,grant,granted,"DigitalGlobe, Inc.",US,2013-10-25,2013,2016-01-05,2016,G06V20/176,Computing / Software,1,,1,2013-10-25,2016-01-05,,Lionel Gueguen,0,0
Maxar Technologies,14053332,US9275297,TECHNIQUES FOR IDENTIFYING PARKING LOTS IN REMOTELY-SENSED IMAGES BY IDENTIFYING PARKING ROWS,,grant,granted,"DigitalGlobe, Inc.",US,2013-10-14,2013,2016-03-01,2016,G06V20/176|G06V10/48,Computing / Software,1,,1,2013-10-14,2016-03-01,,Mark Tabb,0,0
Maxar Technologies,14049199,US9128959,CROWDSOURCED SEARCH AND LOCATE PLATFORM,,grant,granted,"DigitalGlobe, Inc.",US,2013-10-08,2013,2015-09-08,2015,G06F16/5866|G06F16/583|G06F16/587|G06F16/29|G06F16/56|G06Q10/103,Computing / Software,3,,1,2013-10-08,2015-09-08,,Luke Barrington; Nathan Ricklin; Shay Har-Noy,0,0
Maxar Technologies,14049189,US9560092,CROWDSOURCED IMAGE ANALYSIS PLATFORM,,grant,granted,"DigitalGlobe, Inc.",US,2013-10-08,2013,2017-01-31,2017,H04L65/403|G06F16/5866|G06F16/50|G01C11/00|G06Q10/101|G06Q10/103|G09B29/007,Satellite / Wireless Comms,3,,1,2013-10-08,2017-01-31,,Luke Barrington; Nathan Ricklin; Shay Har-Noy,0,0
Maxar Technologies,14024399,US9141872,AUTOMATED AND SCALABLE OBJECT AND FEATURE EXTRACTION FROM IMAGERY,,grant,granted,"DigitalGlobe, Inc.",US,2013-09-11,2013,2015-09-22,2015,G06V20/13|G06T5/40|G06T2207/10016|G06T2207/10036|G06T2207/20182|G06T2207/30181|H04N1/4074,Computing / Software,5,,1,2013-09-11,2015-09-22,,Giovanni B. Marchisio; Mark D. Tabb; Carsten Tusk; Krzysztof Koperski; Jeffrey D. Shafer,0,0
Maxar Technologies,14024418,US9147132,CLASSIFICATION OF LAND BASED ON ANALYSIS OF REMOTELY-SENSED EARTH IMAGES,,grant,granted,"DigitalGlobe, Inc.",US,2013-09-11,2013,2015-09-29,2015,G06V20/13|G06F16/29|G06V20/194|G06F18/2411,Computing / Software,5,,1,2013-09-11,2015-09-29,,Giovanni B. Marchisio; Carsten Tusk; Krzysztof Koperski; Mark D. Tabb; Jeffrey D. Shafer,0,0
Maxar Technologies,14013904,US9031325,AUTOMATIC EXTRACTION OF BUILT-UP FOOTPRINTS FROM HIGH RESOLUTION OVERHEAD IMAGERY THROUGH MANIPULATION OF ALPHA-TREE DATA STRUCTURES,,grant,granted,"DigitalGlobe, Inc.",US,2013-08-29,2013,2015-05-12,2015,G06V20/176|G06V10/454|G06V10/462|G06V10/82|G06V10/48|G06V10/7625|G06V10/267|G06F18/231,Computing / Software,1,,1,2013-08-29,2015-05-12,,Georgios Ouzounis,0,0
Maxar Technologies,14010450,US9122708,CROWDSOURCED SEARCH AND LOCATE PLATFORM,,grant,granted,"DigitalGlobe, Inc.",US,2013-08-26,2013,2015-09-01,2015,G06F16/5866|G06F16/583|G06F16/587|G06F16/29|G06F16/56|G06Q10/103,Computing / Software,3,,1,2013-08-26,2015-09-01,,Luke Barrington; Nathan Ricklin; Shay Har-Noy,0,0
Maxar Technologies,13955429,US8913826,ADVANCED CLOUD COVER ASSESSMENT FOR PANCHROMATIC IMAGES,,grant,granted,"DigitalGlobe, Inc.",US,2013-07-31,2013,2014-12-16,2014,G06T7/001|G06V20/13,Computing / Software,1,,1,2013-07-31,2014-12-16,,Chris Padwick,0,0
Maxar Technologies,13955268,US9230168,AUTOMATIC GENERATION OF BUILT-UP LAYERS FROM HIGH RESOLUTION SATELLITE IMAGE DATA,,grant,granted,"DigitalGlobe, Inc.",US,2013-07-31,2013,2016-01-05,2016,G06V20/176|G06V10/7625|G06F18/231,Computing / Software,1,,1,2013-07-31,2016-01-05,,Lionel Gueguen,0,0
Maxar Technologies,13952442,US9202259,AUTOMATED GEOSPATIAL IMAGE MOSAIC GENERATION WITH AUTOMATIC SOURCE SELECTION,,grant,granted,"DigitalGlobe, Inc.",US,2013-07-26,2013,2015-12-01,2015,G06T3/4038|G06T7/30|G06V30/422|G06T11/00|G06T2200/32|G06T2207/10032|G06T2207/30181|G09G5/377,Computing / Software,3,,1,2013-07-26,2015-12-01,,Christopher G. Padwick; John W. Wallerius; James T. Smith II,0,0
Maxar Technologies,13952464,US9135505,AUTOMATED GEOSPATIAL IMAGE MOSAIC GENERATION WITH AUTOMATIC CUTLINE GENERATION,,grant,granted,"DigitalGlobe, Inc.",US,2013-07-26,2013,2015-09-15,2015,G06T3/4038|G06T7/30|G06V30/422|G06T11/00|G06T2200/32|G06T2207/10032|G06T2207/30181|G09G5/377,Computing / Software,3,,1,2013-07-26,2015-09-15,,Christopher G. Padwick; John W. Wallerius; James T. Smith II,0,0
Maxar Technologies,13835804,US9001311,USING PARALLAX IN REMOTE SENSING TO DETERMINE CLOUD FEATURE HEIGHT,,grant,granted,"DIGITALGLOBE, INC.",US,2013-03-15,2013,2015-04-07,2015,G01C3/085|G01W1/12,Other,2,,1,2013-03-15,2015-04-07,,Victor H. Leonard; Francis W. Gerlach,0,0
Maxar Technologies,13838475,US9042674,AUTOMATED GEOSPATIAL IMAGE MOSAIC GENERATION,,grant,granted,"DigitalGlobe, Inc.",US,2013-03-15,2013,2015-05-26,2015,G06T3/4038|G06T7/30|G06V30/422|G06T11/00|G06T2200/32|G06T2207/10032|G06T2207/30181|G09G5/377,Computing / Software,3,,1,2013-03-15,2015-05-26,,Christopher G. Padwick; John W. Wallerius; James T. Smith II,0,0
Maxar Technologies,13840173,US9032000,SYSTEM AND METHOD FOR GEOLOCATION OF SOCIAL MEDIA POSTS,,grant,granted,"DIGITALGLOBE, INC.",US,2013-03-15,2013,2015-05-12,2015,G06F16/909|G06F16/951|G06Q10/10|G06Q50/01,Computing / Software,3,,1,2013-03-15,2015-05-12,,Luke Barrington; Nathan Ricklin; Shay Har-Noy,0,0
Maxar Technologies,13840743,US9396528,ATMOSPHERIC COMPENSATION IN SATELLITE IMAGERY,,grant,granted,"DigitalGlobe, Inc.",US,2013-03-15,2013,2016-07-19,2016,G06T5/20|G06T7/514|G06T2207/10032|G06T2207/10036|G06T2207/10041|G06T2207/30181,Computing / Software,1,,1,2013-03-15,2016-07-19,,Fabio Pacifici,0,0
Maxar Technologies,13781195,US9321175,ROBOTIC MANIPULATOR ARTICULATION TECHNIQUES,,grant,granted,"MDA U.S. SYSTEMS, LLC",US,2013-02-28,2013,2016-04-26,2016,B25J9/1607|B25J9/1643|Y10S901/02,Other,1,,1,2013-02-28,2016-04-26,,Kenneth S. Smith,0,0
Maxar Technologies,13762355,US9251419,AUTOMATED METRIC INFORMATION NETWORK,,grant,granted,"DIGITALGLOBE, INC.",US,2013-02-07,2013,2016-02-02,2016,G06V20/13|G06V30/422|G01C11/06,Computing / Software,5,,1,2013-02-07,2016-02-02,,Carolyn P. Johnston; Ozy Sjahputera; Laurence C. Bleiler; Brett W. Bader; James Thomas Smith II,0,0
Planet Labs,18771718,US12284024,Multi-Pathway Satellite Communication Systems and Methods,,grant,granted,Planet Labs PBC,US,2024-07-12,2024,2025-04-22,2025,H04B7/18513|H04B7/18515|H04B7/18521|H04B7/18584|H04B7/195,Satellite / Wireless Comms,1,,1,2024-07-12,2025-04-22,,Kiruthika Devaraj,0,0
Planet Labs,18533909,US12199737,Multi-Pathway Satellite Communication Systems and Methods,,grant,granted,Planet Labs PBC,US,2023-12-08,2023,2025-01-14,2025,H04B7/18513|H04B7/18515|H04B7/18521|H04B7/18584|H04B7/195,Satellite / Wireless Comms,1,,1,2023-12-08,2025-01-14,,Kiruthika Devaraj,0,0
Planet Labs,18155711,US12381621,Multi-Pathway Satellite Communication Systems and Methods,,grant,granted,Planet Labs PBC,US,2023-01-17,2023,2025-08-05,2025,H04B7/18584|G06T7/30|B64G1/244|H04N23/661|G06T2207/10032|H04B7/18528|H04B7/18558|H04L45/304,Satellite / Wireless Comms,2,,1,2023-01-17,2025-08-05,,Henrique Miranda; Kiruthika Devaraj,0,0
Planet Labs,17959000,US11881927,Multi-Pathway Satellite Communication Systems and Methods,,grant,granted,Planet Labs PBC,US,2022-10-03,2022,2024-01-23,2024,H04B7/18513|H04B7/18515|H04B7/18521|H04B7/18584|H04B7/195,Satellite / Wireless Comms,1,,1,2022-10-03,2024-01-23,,Kiruthika Devaraj,0,0
Planet Labs,17737554,US12010428,CONTROLLING A LINE OF SIGHT ANGLE OF AN IMAGING PLATFORM,,grant,granted,Planet Labs PBC,US,2022-05-05,2022,2024-06-11,2024,H04N23/687|G01C11/02|H04N23/6812|H04N23/685|H04N23/6811|G02B27/64,Satellite / Wireless Comms,6,,1,2022-05-05,2024-06-11,,M. Dirk Robinson; Jonathan Dyer; Joshua Levine; Brendan Hermalyn; Ronny Votel; Matt William Messana,0,0
Planet Labs,17227904,US11558112,Multi-Pathway Satellite Communication Systems and Methods,,grant,granted,Planet Labs PBC,US,2021-04-12,2021,2023-01-17,2023,H04B7/18584|G06T7/30|B64G1/244|H04N23/661|G06T2207/10032|H04B7/18528|H04B7/18558|H04L45/304,Satellite / Wireless Comms,2,,1,2021-04-12,2023-01-17,,Henrique Miranda; Kiruthika Devaraj,0,0
Planet Labs,17202134,US11388359,Systems and Methods for Implementing Time Delay Integration Imaging Techniques in Conjunction with Distinct Imaging Regions on a Monolithic Charge-Coupled Device Image Sensor,,grant,granted,Planet Labs PBC,US,2021-03-15,2021,2022-07-12,2022,H04N25/711|H10F39/8053|H04N25/134|H04N25/131|H04N25/135|H04N25/11|H04N25/75|H04N23/84,Satellite / Wireless Comms,2,,1,2021-03-15,2022-07-12,,Ignacio Zuleta; Adam Fritzler,0,0
Planet Labs,17036893,US11463158,MULTI-PATHWAY SATELLITE COMMUNICATION SYSTEMS AND METHODS,,grant,granted,Planet Labs PBC,US,2020-09-29,2020,2022-10-04,2022,H04B7/18513|H04B7/18515|H04B7/18521|H04B7/18584|H04B7/195,Satellite / Wireless Comms,1,,1,2020-09-29,2022-10-04,,Kiruthika Devaraj,0,0
Planet Labs,16933503,US11507905,Satellite Scheduling System,,grant,granted,Planet Labs PBC,US,2020-07-20,2020,2022-11-22,2022,G06Q10/06314|G06F16/22|B64G1/1028|B64G1/1021|B64G1/1078|B64G1/1085,Computing / Software,1,,1,2020-07-20,2022-11-22,,Sean Augenstein,0,0
Planet Labs,16889655,US11609324,Systems for Synthetic Aperture Radar Transmit and Receive Antennas,,grant,granted,Planet Labs Inc.,US,2020-06-01,2020,2023-03-21,2023,G01S13/9058|G01S7/025|G01S7/026|G01S7/03|G01S7/032|G01S13/10|G01S13/9011|G01S2013/0245,Remote Sensing / GPS,2,,1,2020-06-01,2023-03-21,,Kiruthika Devaraj; Ming-chun Paul Lee,0,0
Planet Labs,16841522,US10958859,SYSTEMS AND METHODS FOR IMPLEMENTING TIME DELAY INTEGRATION IMAGING TECHNIQUES IN CONJUNCTION WITH DISTINCT IMAGING REGIONS ON A MONOLITHIC CHARGE-COUPLED DEVICE IMAGE SENSOR,,grant,granted,Planet Labs Inc.,US,2020-04-06,2020,2021-03-23,2021,H04N25/711|H10F39/8053|H04N25/134|H04N25/131|H04N25/135|H04N25/11|H04N25/75|H04N23/84,Satellite / Wireless Comms,2,,1,2020-04-06,2021-03-23,,Ignacio Zuleta; Adam Fritzler,0,0
Planet Labs,16585516,US11330180,Controlling a Line of Sight Angle of an Imaging Platform,,grant,granted,"Planet Labs, Inc.",US,2019-09-27,2019,2022-05-10,2022,H04N23/687|H04N23/6812|H04N23/685|H04N23/6811|G01C11/02|G02B27/64,Satellite / Wireless Comms,6,,1,2019-09-27,2022-05-10,,M. Dirk Robinson; Jonathan Dyer; Joshua Levine; Brendan Hermalyn; Ronny Votel; Matt William Messana,0,0
Planet Labs,16529299,US10979137,Multi-Pathway Satellite Communication Systems and Methods,,grant,granted,"Planet Labs, Inc.",US,2019-08-01,2019,2021-04-13,2021,H04B7/18584|G06T7/30|B64G1/244|H04N23/661|G06T2207/10032|H04B7/18528|H04B7/18558|H04L45/304,Satellite / Wireless Comms,2,,1,2019-08-01,2021-04-13,,Henrique Miranda; Kiruthika Devaraj,0,0
Planet Labs,15996852,US10249024,Systems and Methods for Enhancing Object Visibility for Overhead Imaging,,grant,granted,"Planet Labs, Inc.",US,2018-06-04,2018,2019-04-02,2019,G01C11/02|G06T7/00|G06T7/33|G06T7/70|G06V10/20|G06V10/88|H04N25/768|G01C11/04,Computing / Software,2,,1,2018-06-04,2019-04-02,,Louis Hu Rousmaniere; Kenneth James Kryda,0,0
Planet Labs,15863376,US10815011,RESTRAINT SYSTEM FOR DEPLOYMENT OF A FEATURE ON A SATELLITE,,grant,granted,Planet Labs Inc.,US,2018-01-05,2018,2020-10-27,2020,B32B3/266|B64G1/2229|B64G1/2222|B64G1/2228|B32B1/00|B32B27/06|B32B27/281|B32B2255/205,Spacecraft / Launch Systems,6,,1,2018-01-05,2020-10-27,,Jedd Perry; Narinder Kumar; Kelly Hering; Kevin Meissner; Bayard Gardineer; Benjamin Howard,0,0
Planet Labs,15721567,US10670711,Systems for Synthetic Aperture Radar Transmit and Receive Antennas,,grant,granted,Planet Labs Inc.,US,2017-09-29,2017,2020-06-02,2020,G01S13/9058|G01S7/025|G01S7/026|G01S7/03|G01S7/032|G01S13/10|G01S13/9011|G01S2013/0245,Remote Sensing / GPS,2,,1,2017-09-29,2020-06-02,,Kiruthika Devaraj; Ming-chun Paul Lee,0,0
Planet Labs,15681634,US11225337,Parallel Calculation of Satellite Access Windows and Native Program Implementation Framework,,grant,granted,"Planet Labs TB, Inc.",US,2017-08-21,2017,2022-01-18,2022,B64G1/1021|B64G1/1028|G06F9/3888|B64G1/1085|G06F9/3887|G06F9/5038|G06F9/505|G06Q10/0631,Spacecraft / Launch Systems,1,,1,2017-08-21,2022-01-18,,Sean Augenstein,0,0
Planet Labs,15640305,US10616516,Systems and Methods for Implementing Time Delay Integration Imaging Techniques in Conjunction with Distinct Imaging Regions on a Monolithic Charge-Coupled Device Image Sensor,,grant,granted,Planet Labs Inc.,US,2017-06-30,2017,2020-04-07,2020,H04N25/711|H10F39/8053|H04N25/134|H04N25/131|H04N25/135|H04N25/11|H04N25/75|H04N23/84,Satellite / Wireless Comms,2,,1,2017-06-30,2020-04-07,,Ignacio Zuleta; Adam Fritzler,0,0
Planet Labs,15640280,US10551491,Systems and Methods for Performing Synthetic Aperture Radar Imaging Using Superchirps,,grant,granted,Planet Labs Inc.,US,2017-06-30,2017,2020-02-04,2020,G01S13/9052|G01S13/9054|G01S13/9076|G01S13/9041|G01S13/26|G01S13/346,Remote Sensing / GPS,3,,1,2017-06-30,2020-02-04,,Michael Rubel; Creon Levit; Matthew Ferraro,0,0
Planet Labs,15230785,US10432866,Controlling a Line of Sight Angle of an Imaging Platform,,grant,granted,"Planet Labs, Inc.",US,2016-08-08,2016,2019-10-01,2019,H04N23/687|H04N23/6812|H04N23/685|H04N23/6811|G01C11/02|G02B27/64,Satellite / Wireless Comms,6,,1,2016-08-08,2019-10-01,,M. Dirk Robinson; Jonathan Dyer; Joshua Levine; Brendan Hermalyn; Ronny Votel; Matt William Messana,0,0
Planet Labs,15197540,US9651946,Automated Schedule Calculation for Controlling a Constellation of Satellites,,grant,granted,Planet Labs Inc.,US,2016-06-29,2016,2017-05-16,2017,B64G1/1021|G05D1/0027|B64G1/244|B64G1/1085,Spacecraft / Launch Systems,2,,1,2016-06-29,2017-05-16,,Michael Rubel; James Mason,0,0
Planet Labs,15071357,US9996905,Systems and Methods for Enhancing Object Visibility for Overhead Imaging,,grant,granted,"Planet Labs, Inc.",US,2016-03-16,2016,2018-06-12,2018,G01C11/02|G06T7/33|G06T7/70|G06V10/20|G06V10/88|H04N25/768|G01C11/04|G01N21/55,Computing / Software,2,,1,2016-03-16,2018-06-12,,Louis Hu Rousmaniere; Kenneth James Kryda,0,0
Planet Labs,15048714,US10146044,Compact Spherical Diffraction Limited Telescope System for Remote Sensing in a Satellite System,,grant,granted,Planet Labs Inc.,US,2016-02-19,2016,2018-12-04,2018,G02B23/06|B64G1/1021|G02B17/08|G02B17/0808|G02B17/0856,Spacecraft / Launch Systems,2,,1,2016-02-19,2018-12-04,,Benjamin Haldeman; Joseph Warga,0,0
Planet Labs,15016851,US9996810,Satellite Scheduling System,,grant,granted,"Planet Labs, Inc.",US,2016-02-05,2016,2018-06-12,2018,G06Q10/06314|G06F16/29|B64G1/1021|B64G1/1085|B64G1/242|Y10S707/919|Y10S707/921,Computing / Software,3,,1,2016-02-05,2018-06-12,,Sean Augenstein; Julian M. Mann; Daniel Berkenstock,0,0
Planet Labs,14945836,US10277309,Predicting Radio Frequency Interference Events,,grant,granted,"Planet Labs, Inc.",US,2015-11-19,2015,2019-04-30,2019,H04B7/18513,Satellite / Wireless Comms,2,,1,2015-11-19,2019-04-30,,Laurren Kanner; Craig RayDean Scheffler,0,0
Planet Labs,14585866,US10325295,Pricing of Imagery and Collection Priority Weighting,,grant,granted,"Planet Labs, Inc.",US,2014-12-30,2014,2019-06-18,2019,G06Q30/0283,Computing / Software,3,,1,2014-12-30,2019-06-18,,Sean Augenstein; Daniel Berkenstock; Julian M. Mann,0,0
Planet Labs,14522701,US10762458,Satellite Scheduling System,,grant,granted,"Planet Labs, Inc.",US,2014-10-24,2014,2020-09-01,2020,G06Q10/06314|G06F16/22|B64G1/1028|B64G1/1021|B64G1/1078|B64G1/1085,Computing / Software,1,,1,2014-10-24,2020-09-01,,Sean Augenstein,0,0
Planet Labs,13886055,US10061474,OVERHEAD IMAGE VIEWING SYSTEMS AND METHODS,,grant,granted,"Planet Labs, Inc.",US,2013-05-02,2013,2018-08-28,2018,G06F3/0482|G06F3/04847|G01C11/02|G01C21/00,Computing / Software,10,,1,2013-05-02,2018-08-28,,Greg Bertoldo; Carlos Cervantes; Richard J. Cirminello JR.; James Long; Julian Mann; Daniel Berkenstock; Oliver Guinan; Ching-Yu Hu; Adam Wegel; Christopher Kelley,0,0
Relativity Space,19195599,US12576989,Methods and Devices for Alignment and Joining Large Components,,grant,granted,"Relativity Space, Inc.",US,2025-04-30,2025,2026-03-17,2026,B64F5/10|B23K2101/18|B23K20/126|B23K20/129,Manufacturing,6,,1,2025-04-30,2026-03-17,,Jared Rogers; Samuel Butler; Elizabeth Barranco; Adam Bermudez; John Cummings; Collin Cain,0,0
Relativity Space,29960556,USD1108507,MANDREL,,grant,granted,"Relativity Space, Inc.",US,2024-08-30,2024,2026-01-06,2026,,Other,1,,1,2024-08-30,2026-01-06,,Dakota O’HARA,0,0
Relativity Space,29960550,USD1099997,MANDREL ADAPTER PLATE,,grant,granted,"Relativity Space, Inc.",US,2024-08-30,2024,2025-10-28,2025,,Other,1,,1,2024-08-30,2025-10-28,,Dakota O'HARA,0,0
Relativity Space,29960561,USD1101005,MANDREL WITH ADAPTER PLATE,,grant,granted,"Relativity Space, Inc.",US,2024-08-30,2024,2025-11-04,2025,,Other,1,,1,2024-08-30,2025-11-04,,Dakota O’HARA,0,0
Relativity Space,18665496,US12377459,Multi-Diameter Wire Feeder,,grant,granted,"Relativity Space, Inc.",US,2024-05-15,2024,2025-08-05,2025,B22D23/003|B33Y10/00|B33Y30/00|B23K35/00|B23K35/0205,Manufacturing,3,,1,2024-05-15,2025-08-05,,Scott Kilcoyne; Mateo Pena Doll; Salvador Barriga,0,0
Relativity Space,18508075,,Systems and Methods for Using Wire Printing Process Data to Predict Material Properties and Part Quality,,grant,granted,"Relativity Space, Inc.",US,2023-11-13,2023,2023-11-13,2023,G05B19/4155|B33Y10/00|B33Y50/02|B23K26/342|B23K26/125|G05B2219/49023|G06T7/0002|G06T7/0004,Manufacturing,6,,1,2023-11-13,,,Duncan McCallum; Salvador Barriga; Forrest Pieper; Elad Taig; Paul Burke; Kevin Cedrone,0,0
Relativity Space,18502964,US12547152,Predicting Process Control Parameters for Fabricating an Object Using Deposition,,grant,granted,"Relativity Space, Inc.",US,2023-11-06,2023,2026-02-10,2026,B29C64/393|G05B19/4099|B33Y50/02|Y02P10/25|G06N20/00|G06N20/10|B22F10/00|B22F10/12,Computing / Software,3,,1,2023-11-06,2026-02-10,,Edward Mehr; Tim Ellis; Jordan Noone,0,0
Relativity Space,18485136,US12090565,Systems for Printing Three-Dimensional Objects,,grant,granted,"Relativity Space, Inc.",US,2023-10-11,2023,2024-09-17,2024,B23K11/0013|B33Y10/00|B33Y30/00|B33Y50/02|B29C64/386|B29C64/20|B29C64/393|B23K11/0006,Manufacturing,2,,1,2023-10-11,2024-09-17,,Paul Burke; Mateo Pena Doll,0,0
Relativity Space,18478703,US12522896,"Aluminum Alloy Compositions, Articles Therefrom, and Methods of Producing Articles Therefrom",,grant,granted,"Relativity Space, Inc.",US,2023-09-29,2023,2026-01-13,2026,C22C21/06|B33Y10/00|B33Y30/00|B33Y70/00|B33Y80/00|B22F10/28|B22F2301/052|C22F1/047,Manufacturing,8,,1,2023-09-29,2026-01-13,,Samuel James Tonneslan; Van Earl Bishop Wright JR.; Ross Patterson; Erik Richman; Sean Orzolek; Molly Kaplan; Fritz C. Gruber; Timothy Langan,0,0
Relativity Space,18363527,US12059845,Interactive Slicing Methods and Systems for Generating Toolpaths for Printing Three-Dimensional Objects,,grant,granted,"Relativity Space, Inc.",US,2023-08-01,2023,2024-08-13,2024,B29C64/386|B33Y50/00|G06T17/00|G06T17/10|G06T19/00|G06T2219/008,Computing / Software,3,,1,2023-08-01,2024-08-13,,Elad Taig; Forrest Pieper; Mario Barrenechea,0,0
Relativity Space,18176955,US12110976,VALVES AND VALVE ASSEMBLIES,,grant,granted,"Relativity Space, Inc.",US,2023-03-01,2023,2024-10-08,2024,F16K17/0493|F16K15/064|F16K2200/305|F16K2200/502|F16K15/065|F16K27/0209,Mechanical Engineering,7,,1,2023-03-01,2024-10-08,,Eliott BERGERSON; Peiran DING; Steven KO; Nicholas FEENSTRA; Aaron Jesse FILLO; Joshua Percival KAYE; Benjamin Xavier SCHLEUNIGER,0,0
Relativity Space,18085921,US11813690,SYSTEMS FOR PRINTING THREE-DIMENSIONAL OBJECTS,,grant,granted,"Relativity Space, Inc.",US,2022-12-21,2022,2023-11-14,2023,B23K11/0013|B33Y10/00|B33Y30/00|B33Y50/02|B29C64/386|B29C64/20|B29C64/393|B23K11/0006,Manufacturing,2,,1,2022-12-21,2023-11-14,,Paul BURKE; Mateo Pena DOLL,0,0
Relativity Space,17929558,US12031199,"Aluminum Alloy Compositions, Articles Therefrom, and Methods of Producing Articles Therefrom",,grant,granted,"Relativity Space, Inc.",US,2022-09-02,2022,2024-07-09,2024,C22C21/08|C22F1/047,Other,6,,1,2022-09-02,2024-07-09,,Samuel Tonneslan; Erik Richman; Brian Westveer; Fritz Gruber; Bishop Wright; Eliana Fu,0,0
Relativity Space,17850869,US12018786,TWO-PART COUPLING,,grant,granted,"Relativity Space, Inc.",US,2022-06-27,2022,2024-06-25,2024,F16L37/0985,Mechanical Engineering,7,,1,2022-06-27,2024-06-25,,Aaron J. FILLO; Joshua Percival Kaye; Joseph Mark Trafecanty; Richard Santiago Rosas; Ryan Doria Lim; Noah Eugene Sampiere Prochnow; Xiangyu Luan,0,0
Relativity Space,17378875,US12093018,SYSTEMS AND METHODS FOR THREE-DIMENSIONAL PRINTING,,grant,granted,"Relativity Space, Inc.",US,2021-07-19,2021,2024-09-17,2024,G05B19/4099|G05B2219/49023,Other,3,,1,2021-07-19,2024-09-17,,Forrest Pieper; Mario Barrenechea; William Gorman,0,0
Relativity Space,17098564,US12330211,MULTI-DIAMETER WIRE FEEDER,,grant,granted,"Relativity Space, Inc.",US,2020-11-16,2020,2025-06-17,2025,B22D23/003|B33Y10/00|B33Y30/00|B23K35/00|B23K35/0205,Manufacturing,3,,1,2020-11-16,2025-06-17,,Scott KILCOYNE; Mateo Pena DOLL; Salvador BARRIGA,0,0
Relativity Space,16933637,US11853033,SYSTEMS AND METHODS FOR USING WIRE PRINTING PROCESS DATA TO PREDICT MATERIAL PROPERTIES AND PART QUALITY,,grant,granted,"Relativity Space, Inc.",US,2020-07-20,2020,2023-12-26,2023,G05B19/4155|B33Y10/00|B33Y50/02|B23K26/342|B23K26/125|G05B2219/49023|G06T7/0002|G06T7/0004,Manufacturing,6,,1,2020-07-20,2023-12-26,,Duncan MCCALLUM; Salvador BARRIGA; Forrest PIEPER; Elad TAIG; Paul BURKE; Kevin CEDRONE,0,0
Relativity Space,16862075,US11718036,INTERACTIVE SLICING METHODS AND SYSTEMS FOR GENERATING TOOLPATHS FOR PRINTING THREE-DIMENSIONAL OBJECTS,,grant,granted,"Relativity Space,  Inc.",US,2020-04-29,2020,2023-08-08,2023,B29C64/386|B33Y50/00|G06T17/00|G06T17/10|G06T19/00|G06T2219/008,Computing / Software,3,,1,2020-04-29,2023-08-08,,Elad TAIG; Forrest PIEPER; Mario BARRENECHEA,0,0
Relativity Space,16696720,US10921782,REAL-TIME ADAPTIVE CONTROL OF ADDITIVE MANUFACTURING PROCESSES USING MACHINE LEARNING,,grant,granted,"Relativity Space, Inc.",US,2019-11-26,2019,2021-02-16,2021,G05B19/4099|B33Y50/02|G06N20/00|G06N20/10|B22F10/00|B22F10/12|B22F10/85|B22F10/18,Computing / Software,3,,1,2019-11-26,2021-02-16,,Edward MEHR; Tim ELLIS; Jordan NOONE,0,0
Relativity Space,16234325,US10539952,REAL-TIME ADAPTIVE CONTROL OF ADDITIVE MANUFACTURING PROCESSES USING MACHINE LEARNING,,grant,granted,"Relativity Space, Inc.",US,2018-12-27,2018,2020-01-21,2020,G05B19/4099|B33Y50/02|G06N20/00|G06N20/10|B22F10/00|B22F10/12|B22F10/85|B22F10/18,Computing / Software,3,,1,2018-12-27,2020-01-21,,Edward MEHR; Tim ELLIS; Jordan NOONE,0,0
Relativity Space,15604473,US10234848,REAL-TIME ADAPTIVE CONTROL OF ADDITIVE MANUFACTURING PROCESSES USING MACHINE LEARNING,,grant,granted,"Relativity Space, Inc.",US,2017-05-24,2017,2019-03-19,2019,G05B19/4099|B33Y50/02|G06N20/00|G06N20/10|B22F10/00|B22F10/12|B22F10/85|B22F10/18,Computing / Software,3,,1,2017-05-24,2019-03-19,,Edward MEHR; Tim ELLIS; Jordan NOONE,0,0
Astra Space,14616048,US10006291,SMALL SCALE HIGH SPEED TURBOMACHINERY,,grant,granted,"Astra Space, Inc.",US,2015-02-06,2015,2018-06-26,2018,F01D5/028|Y10T29/4932|B23P2700/12|F01D5/048|F01D5/147|F01D9/045|F04D13/043|F04D29/242,Manufacturing,4,,1,2015-02-06,2018-06-26,,Adam P. London; Lloyd J. Droppers; Matthew K. Lehman; Amitav Mehra,0,0
Sierra Nevada / Sierra Space,18791570,US12559261,BRACKET FIXTURE FOR SPACE HABITAT,,grant,granted,Sierra Space Corporation,US,2024-08-01,2024,2026-02-24,2026,B64G1/60|B64G1/2227|B64G1/646|B64G99/00,Spacecraft / Launch Systems,3,,1,2024-08-01,2026-02-24,,Grant Robert Woods; Jeffrey S. Hickerson; Charles Ralph Sandy,0,0
Sierra Nevada / Sierra Space,18302501,US12121838,LOW-GRAVITY WATER CAPTURE DEVICE WITH WATER STABILIZATION,,grant,granted,Sierra Space Corporation,US,2023-04-18,2023,2024-10-22,2024,B01D45/16|B01D45/02|B04C3/06|B04C2003/006|E03B3/28,Other,4,,1,2023-04-18,2024-10-22,,Michael Peterson; Mark Milton Weislogel; John P. Wetzel; Daniel Aaron Wyman,0,0
Sierra Nevada / Sierra Space,18103460,US12071915,VORTEX HYBRID ROCKET MOTOR,,grant,granted,Sierra Space Corporation,US,2023-01-30,2023,2024-08-27,2024,F02K9/42|F02K9/72|C06B23/00|F02K9/10|F02K9/28|F02K9/62|F05D2250/322|F23B60/00,Rocket Propulsion,3,,1,2023-01-30,2024-08-27,,Martin Chiaverini; Patrick D. Satyshur; Christopher St. Clair,0,0
Sierra Nevada / Sierra Space,18094300,US11927152,REACTION CONTROL VORTEX THRUSTER SYSTEM,,grant,granted,Sierra Space Corporation,US,2023-01-06,2023,2024-03-12,2024,F02K9/28|F02K9/68|F02K9/42|F02K9/425|F02K9/44|F02K9/58|F02K9/72|F05D2240/127,Rocket Propulsion,6,,1,2023-01-06,2024-03-12,,Ryan C. Cavitt; Trevor P. Ormonde; Jake W. Carey; Patrick D. Satyshur; Christopher P. St. Clair; Scott M. Munson,0,0
Sierra Nevada / Sierra Space,17733769,US12104745,MOUNTING FLANGE AND BRACKET FOR A SPACE HABITAT,,grant,granted,Sierra Space Corporation,US,2022-04-29,2022,2024-10-01,2024,B64G99/00|F16M13/02|B64G1/2227|B64G1/60|B64G1/64|B64G1/646,Spacecraft / Launch Systems,5,,1,2022-04-29,2024-10-01,,Jeffrey S. Hickerson; Mariusz Erni Pecherzewski; Charles Ralph Sandy; Jeffrey Robert Valania; Grant Robert Woods,0,0
Sierra Nevada / Sierra Space,17719229,US11879414,HYBRID ROCKET OXIDIZER FLOW CONTROL SYSTEM INCLUDING REGRESSION RATE SENSORS,,grant,granted,Sierra Space Corporation,US,2022-04-12,2022,2024-01-23,2024,F02K9/72|F02K9/10|F02K9/26|F02K9/52|F02K9/56,Rocket Propulsion,3,,1,2022-04-12,2024-01-23,,Brian Richard Pomeroy; Martin Chiaverini; Jesse Morgan Warrick,0,0
Sierra Nevada / Sierra Space,17717989,US12054294,BRACKET FIXTURE FOR SPACE HABITAT,,grant,granted,Sierra Space Corporation,US,2022-04-11,2022,2024-08-06,2024,B64G1/60|B64G1/2227|B64G1/646,Spacecraft / Launch Systems,3,,1,2022-04-11,2024-08-06,,Grant Robert Woods; Jeffrey S. Hickerson; Charles Ralph Sandy,0,0
Sierra Nevada / Sierra Space,17703815,US11845530,COMPACT FOLDABLE MULTICOPTER UNMANNED AERIAL VEHICLE FOR CARGO DELIVERY,,grant,granted,Sierra Nevada Corporation,US,2022-03-24,2022,2023-12-19,2023,B64U30/293|B64U10/16|B64U2101/64,Other,2,,1,2022-03-24,2023-12-19,,Stephen Morris; Jean-Francois Clavreul,0,0
Sierra Nevada / Sierra Space,17703811,US11994876,IN-FLIGHT UAV DEPLOYMENT AND RETRIEVAL PLATFORM,,grant,granted,Sierra Nevada Corporation,US,2022-03-24,2022,2024-05-28,2024,G05D1/46|B64U70/20|B64U80/25|B64U10/14|B64U50/19|B64U50/11|B64U2101/30|B64U10/20,Other,3,,1,2022-03-24,2024-05-28,,Stephen Morris; Jean-Francois Clavreul; Hervé Hilaire,0,0
Sierra Nevada / Sierra Space,29823375,USD1007366,UNMANNED AIRCRAFT,,grant,granted,Sierra Nevada Corporation,US,2022-01-17,2022,2023-12-12,2023,,Other,2,,1,2022-01-17,2023-12-12,,Stephen Morris; Jean-Francois Clavreul,0,0
Sierra Nevada / Sierra Space,17453803,US11891172,Devices and Methods to Attach a Composite Core to a Surrounding Structure,,grant,granted,Sierra Nevada Corporation,US,2021-11-05,2021,2024-02-06,2024,B64C3/26|B32B3/12|B32B27/08|B32B2605/18|B64C3/185|B64C3/187|B64C3/20,Aeronautics / Structures,1,,1,2021-11-05,2024-02-06,,James Donn Hethcock JR.,0,0
Sierra Nevada / Sierra Space,29811286,USD1007364,UNMANNED AIRCRAFT,,grant,granted,Sierra Nevada Corporation,US,2021-10-13,2021,2023-12-12,2023,,Other,2,,1,2021-10-13,2023-12-12,,Stephen Morris; Jean-Francois Clavreul,0,0
Sierra Nevada / Sierra Space,17442540,US11888223,STEERABLE BEAM ANTENNA,,grant,granted,SIERRA NEVADA CORPORATION,US,2021-09-23,2021,2024-01-30,2024,H01Q13/20|H01Q3/247,Antenna Design,2,,1,2021-09-23,2024-01-30,,Vladimir A. Manasson; Lev S. Sadovnik,0,0
Sierra Nevada / Sierra Space,17407165,US11952967,LIQUID PROPELLANT INJECTOR FOR VORTEX HYBRID ROCKET MOTOR,,grant,granted,Sierra Space Corporation,US,2021-08-19,2021,2024-04-09,2024,F02K9/72|F02K9/52|F05D2240/36|F05D2250/38,Rocket Propulsion,5,,1,2021-08-19,2024-04-09,,Brian Richard Pomeroy; Martin John Chiaverini; Jesse Morgan Warrick; William Zach Hallum; Nicholas Ryan Walker,0,0
Sierra Nevada / Sierra Space,17365565,US11682314,SYSTEMS AND METHODS FOR GENERATING IMPROVED ENVIRONMENTAL DISPLAYS FOR VEHICLES,,grant,granted,SIERRA NEVADA CORPORATION,US,2021-07-01,2021,2023-06-20,2023,G08G5/80|G08G5/21|G08G5/53|G08G5/55|G08G5/74|B64D43/00|B64D45/08|B64D47/08,Remote Sensing / GPS,10,,1,2021-07-01,2023-06-20,,Jack Philip Cross; William Edward Brandstetter III; Igor Valigura; Justin Michael Bode; Damien Bruno Jourdan; David McMartin Howard; Rodney Lee Pickens; Timothy L. Sweet; Joshua D. Gleason; Joseph H. Hansen JR.,0,0
Sierra Nevada / Sierra Space,29797020,USD993076,UNMANNED AIRCRAFT,,grant,granted,Sierra Nevada Corporation,US,2021-06-28,2021,2023-07-25,2023,,Other,2,,1,2021-06-28,2023-07-25,,Stephen Morris; Jean-Francois Clavreul,0,0
Sierra Nevada / Sierra Space,29797019,USD993827,MANNED AIRCRAFT,,grant,granted,Sierra Nevada Corporation,US,2021-06-28,2021,2023-08-01,2023,,Other,2,,1,2021-06-28,2023-08-01,,Stephen Morris; Jean-Francois Clavreul,0,0
Sierra Nevada / Sierra Space,17339588,US11529290,MOBILE MEDICAL DRUG MANAGEMENT SYSTEMS AND METHODS,,grant,granted,SIERRA NEVADA CORPORATION,US,2021-06-04,2021,2022-12-20,2022,A61J7/0069|A61B50/22|A61B50/31|G16H10/60|G16H40/40|A61J7/0076|A61J7/04|A61K31/485,Other,5,,1,2021-06-04,2022-12-20,,Karl Schulz; Richard Campbell; Emily Huang; Sarah Koh; Kurnhee Ma,0,0
Sierra Nevada / Sierra Space,17303094,US12446501,Plant Growth System for Microgravity Environments,,grant,granted,Sierra Space Corporation,US,2021-05-19,2021,2025-10-21,2025,A01G31/02|Y02P60/21|A01G31/065,Other,4,,1,2021-05-19,2025-10-21,,Dan Wyman; Samuel A. Moffatt; Michael Peterson; John P. Wetzel,0,0
Sierra Nevada / Sierra Space,17316601,US11939075,SYSTEMS AND METHODS FOR POWER DISTRIBUTION IN A DRONE AIRCRAFT,,grant,granted,Sierra Nevada Corporation,US,2021-05-10,2021,2024-03-26,2024,B64U50/19|B64D31/06|B64U30/10|B64U50/31|B64U70/80|B64U30/20|B64U2101/60|B64U50/11,Aeronautics / Structures,3,,1,2021-05-10,2024-03-26,,Hannan Parvizian; Manuel Lopez; Guangyuan Zheng,0,0
Sierra Nevada / Sierra Space,17246133,US12071240,DUAL ISR-PAYLOAD CAPABLE UAV,,grant,granted,Sierra Nevada Corporation,US,2021-04-30,2021,2024-08-27,2024,B64D1/22|B64U20/40|B64U20/87|B64U2101/60|B64U2101/30|B64U10/20|B64C2211/00|B64D1/10,Aeronautics / Structures,3,,1,2021-04-30,2024-08-27,,Emily Agostino; Curtis Leo; Stephen Morris,0,0
Sierra Nevada / Sierra Space,17245982,US11834167,HYBRID FIXED VTOL AIRCRAFT POWERED BY HEAVY FUEL ENGINE,,grant,granted,Sierra Nevada Corporation,US,2021-04-30,2021,2023-12-05,2023,B64U50/19|B64U30/24|B64U30/10|B64U50/13|B64U50/11|B64U50/34|B64U10/20|B64D27/33,Aeronautics / Structures,3,,1,2021-04-30,2023-12-05,,Mikhail Blinkov; Curtis Leo; Stephen Morris,0,0
Sierra Nevada / Sierra Space,17246541,US12415600,MODULAR FIXED VTOL WITH LINE REPLACEABLE UNITS,,grant,granted,Sierra Nevada Corporation,US,2021-04-30,2021,2025-09-16,2025,B64C39/04|B64U30/10|B64U30/20|B64U2101/60|B64U10/20|B64C5/02|B64C5/06|B64C29/0025,Aeronautics / Structures,4,,1,2021-04-30,2025-09-16,,Emily Agostino; Sean Foxen; Curtis Leo; Stephen Morris,0,0
Sierra Nevada / Sierra Space,29779096,USD996339,AIRCRAFT,,grant,granted,Sierra Nevada Corporation,US,2021-04-16,2021,2023-08-22,2023,,Other,3,,1,2021-04-16,2023-08-22,,Stephen Morris; Jean-Francois Clavreul; Frederick Naaman,0,0
Sierra Nevada / Sierra Space,17200613,US11695738,UNIFIED COMMUNICATION GATEWAY SYSTEMS,,grant,granted,SIERRA NEVADA CORPORATION,US,2021-03-12,2021,2023-07-04,2023,H04L63/029|H04L63/123|G06F16/245|H04L45/34|H04L63/0428|H04L63/105,Satellite / Wireless Comms,3,,1,2021-03-12,2023-07-04,,Kyle Andrew Shepard; Kevin Jeffrey Streander; Peter Fischer,0,0
Sierra Nevada / Sierra Space,17249753,US12139257,Air-Launched Unmanned Aerial Vehicle,,grant,granted,Sierra Nevada Corporation,US,2021-03-11,2021,2024-11-12,2024,B64D17/80|B64U50/13|B64U2201/20|B64U30/12|B64U70/50|B64U80/86|B64U80/70|B64U50/19,Other,3,,1,2021-03-11,2024-11-12,,Ken Finklea; Carlos Miralles; Guan Hua Su,0,0
Sierra Nevada / Sierra Space,17267413,US11660557,LOW-GRAVITY WATER CAPTURE DEVICE WITH WATER STABILIZATION,,grant,granted,Sierra Space Corporation,US,2021-02-09,2021,2023-05-30,2023,B01D45/16|B01D45/02|B04C3/06|B04C2003/006|E03B3/28,Other,4,,1,2021-02-09,2023-05-30,,Michael Peterson; Mark Milton Weislogel; John P. Wetzel; Daniel Aaron Wyman,0,0
Sierra Nevada / Sierra Space,17147437,US12085210,AIRCRAFT TAIL LOCK,,grant,granted,Sierra Nevada Corporation,US,2021-01-12,2021,2024-09-10,2024,B64U10/25|F16L37/248|B64U30/40|B64U30/14|B64C1/26|F16L37/252,Mechanical Engineering,1,,1,2021-01-12,2024-09-10,,Hoang Minh Chung,0,0
Sierra Nevada / Sierra Space,17252710,US12275525,NET EDGE COMPOSITE CORE SPLICES FOR AIRCRAFT WING,,grant,granted,SIERRA NEVADA CORPORATION,US,2020-12-15,2020,2025-04-15,2025,B29C65/48|B64C3/20|B32B7/022|B32B2307/7375|B29C65/02|B29C66/1142|B29C66/229|B29C66/43,Aeronautics / Structures,3,,1,2020-12-15,2025-04-15,,James Donn HETHCOCK JR.; Raymond Lester HUMPHRIES; Matthew BARCLAY,0,0
Sierra Nevada / Sierra Space,17074276,US11794138,MICROGRAVITY SYSTEM PHASE SEPARATOR,,grant,granted,Sierra Space Corporation,US,2020-10-19,2020,2023-10-24,2023,B01D45/00|B01D53/261|B01D53/265,Other,2,,1,2020-10-19,2023-10-24,,Daniel Aaron WYMAN; Michael PETERSON,0,0
Sierra Nevada / Sierra Space,17039271,US11635103,EXPANDING PIN ASSEMBLY CONTROLLED BY ACTUATOR FOR LOCKING AND UNLOCKING MECHANICAL JOINT,,grant,granted,Sierra Space Corporation,US,2020-09-30,2020,2023-04-25,2023,F16B13/068|B64C3/56|F16H19/02|F16H25/2252|F16H57/082,Mechanical Engineering,5,,1,2020-09-30,2023-04-25,,Jake Crine; Benjamin Paul Cunningham; Alec B. Devereaux; Sonny J. Lewis; Jonathan Peritt,0,0
Sierra Nevada / Sierra Space,17023232,US11635102,EXPANDING PIN ASSEMBLY CONTROLLED BY ACTUATOR FOR LOCKING AND UNLOCKING MECHANICAL JOINT,,grant,granted,Sierra Space Corporation,US,2020-09-16,2020,2023-04-25,2023,F16B13/068|B64C3/56|F16H19/02|F16H25/2252|F16H57/082,Mechanical Engineering,5,,1,2020-09-16,2023-04-25,,Jake Crine; Benjamin Paul Cunningham; Alec B. Devereaux; Sonny J. Lewis; Jonathan Peritt,0,0
Sierra Nevada / Sierra Space,16944739,US11264522,SOLAR ARRAY SYSTEM AND METHOD OF MANUFACTURING,,grant,granted,Sierra Space Corporation,US,2020-07-31,2020,2022-03-01,2022,H10F77/80|H10F19/00|H10F71/00|H10F19/902|H10F77/219|H10F19/908|H10F19/80|H10F19/75,Spacecraft / Launch Systems,5,,1,2020-07-31,2022-03-01,,Brian Anthony; Rodney Dobson; Matthew Johnson; Scott Christiansen; L. Eric Ruhl,0,0
Sierra Nevada / Sierra Space,16844938,US11827383,ENCAPSULATED INSULATION WITH UNIFORMLY HEATED SURFACES FOR USE ON SPACECRAFT INTERNAL SURFACES,,grant,granted,Sierra Space Corporation,US,2020-04-09,2020,2023-11-28,2023,B64G1/50|B64G1/58|B32B33/00|B64C1/18|B64G1/46|B64G1/48,Spacecraft / Launch Systems,2,,1,2020-04-09,2023-11-28,,Stephen W. MILLER; Michael J. ERDMANN,0,0
Sierra Nevada / Sierra Space,16786075,US11620919,LIVE VIRTUAL CONSTRUCTIVE GATEWAY SYSTEMS AND METHODS,,grant,granted,SIERRA NEVADA CORPORATION,US,2020-02-10,2020,2023-04-04,2023,G09B9/003|H04L67/131|G06T11/60|G09B9/006|G09B9/54,Satellite / Wireless Comms,8,,1,2020-02-10,2023-04-04,,Brandon Boldenow; Peter Fischer; Nathan Gang; Maxwell O. Greenstein; Sarah Kooiman; Daniel Payne; Christopher Poupore; Kyle P. Werner,0,0
Sierra Nevada / Sierra Space,16542906,US11177545,FULL BAND ORTHOMODE TRANSDUCERS,,grant,granted,SIERRA NEVADA CORPORATION,US,2019-08-16,2019,2021-11-16,2021,H01P1/161|H01P1/165|H01P5/12,Signal Processing,1,,1,2019-08-16,2021-11-16,,Aramais Avakian,0,0
Sierra Nevada / Sierra Space,16522243,US11056012,SYSTEMS AND METHODS FOR GENERATING IMPROVED ENVIRONMENTAL DISPLAYS FOR VEHICLES,,grant,granted,SIERRA NEVADA CORPORATION,US,2019-07-25,2019,2021-07-06,2021,G08G5/80|G08G5/21|G08G5/53|G08G5/55|G08G5/74|B64D45/08|B64D47/08|G01C23/005,Remote Sensing / GPS,10,,1,2019-07-25,2021-07-06,,Jack Philip Cross; William Edward Brandstetter III; Igor Valigura; Justin Michael Bode; Damien Bruno Jourdan; David McMartin Howard; Rodney Lee Pickens; Timothy L. Sweet; Joshua D. Gleason; Joseph H. Hansen Jr.,0,0
Sierra Nevada / Sierra Space,16473594,US11213779,LOW-GRAVITY WATER CAPTURE DEVICE,,grant,granted,SIERRA NEVADA CORPORATION,US,2019-06-25,2019,2022-01-04,2022,B01D45/16|B64G1/60|E03B3/28,Spacecraft / Launch Systems,6,,1,2019-06-25,2022-01-04,,David Michael Hoerr; Ross Remiker; Michael Peterson; Zachary James Setmire; Mark Milton Weislogel; Andrew Wollman,0,0
Sierra Nevada / Sierra Space,16449229,US11572851,REACTION CONTROL VORTEX THRUSTER SYSTEM,,grant,granted,Sierra Space Corporation,US,2019-06-21,2019,2023-02-07,2023,F02K9/28|F02K9/68|F02K9/42|F02K9/425|F02K9/44|F02K9/58|F02K9/72|F05D2240/127,Rocket Propulsion,6,,1,2019-06-21,2023-02-07,,Ryan C. Cavitt; Trevor P. Ormonde; Jake W. Carey; Patrick D. Satyshur; Christopher P. St. Clair; Scott M. Munson,0,0
Sierra Nevada / Sierra Space,16422625,US10979399,UNIFIED COMMUNICATION GATEWAY SYSTEMS,,grant,granted,SIERRA NEVADA CORPORATION,US,2019-05-24,2019,2021-04-13,2021,H04L63/029|G06F16/245|H04L63/123,Satellite / Wireless Comms,3,,1,2019-05-24,2021-04-13,,Kyle Andrew Shepard; Kevin Jeffrey Streander; Peter Fischer,0,0
Sierra Nevada / Sierra Space,16297021,US11045394,MOBILE MEDICAL DRUG MANAGEMENT SYSTEMS AND METHODS,,grant,granted,SIERRA NEVADA CORPORATION,US,2019-03-08,2019,2021-06-29,2021,A61J7/0069|A61B50/22|A61B50/31|G16H10/60|G16H40/40|A61J7/0076|A61J7/04|A61K31/485,Other,5,,1,2019-03-08,2021-06-29,,Karl Schulz; Richard Campbell; Emily Huang; Sarah Koh; Kurnhee Ma,0,0
Sierra Nevada / Sierra Space,16289034,US10541720,EXTENDED RANGE COMMUNICATIONS FOR ULTRA-WIDEBAND NETWORK NODES,,grant,granted,SIERRA NEVADA CORPORATION,US,2019-02-28,2019,2020-01-21,2020,H04B1/711|H04B1/1027|H04B1/7073|H04B1/7095|H04B1/7101|H04B1/713|H04B1/7163|H04B10/613,Satellite / Wireless Comms,1,,1,2019-02-28,2020-01-21,,Donald Rasmussen,0,0
Sierra Nevada / Sierra Space,16289041,US10637531,EXTENDED RANGE COMMUNICATIONS FOR ULTRA-WIDEBAND NETWORK NODES,,grant,granted,SIERRA NEVADA CORPORATION,US,2019-02-28,2019,2020-04-28,2020,H04B1/711|H04B1/1027|H04B1/7073|H04B1/7095|H04B1/7101|H04B1/713|H04B1/7163|H04B10/613,Satellite / Wireless Comms,1,,1,2019-02-28,2020-04-28,,Donald Rasmussen,0,0
Sierra Nevada / Sierra Space,16157669,US11661907,VORTEX HYBRID ROCKET MOTOR,,grant,granted,Sierra Space Corporation,US,2018-10-11,2018,2023-05-30,2023,F02K9/42|F02K9/72|C06B23/00|F02K9/10|F02K9/28|F02K9/62|F05D2250/322|F23B60/00,Rocket Propulsion,3,,1,2018-10-11,2023-05-30,,Martin Chiaverini; Patrick Satyshur; Christopher St. Clair,0,0
Sierra Nevada / Sierra Space,16014466,US11167836,DEVICES AND METHODS TO ATTACH COMPOSITE CORE TO A SURROUNDING STRUCTURE,,grant,granted,SIERRA NEVADA CORPORATION,US,2018-06-21,2018,2021-11-09,2021,B64C3/26|B32B3/12|B32B27/08|B32B2605/18|B64C3/185|B64C3/187|B64C3/20,Aeronautics / Structures,1,,1,2018-06-21,2021-11-09,,James Donn HETHCOCK JR.,0,0
Sierra Nevada / Sierra Space,16003639,US11121465,STEERABLE BEAM ANTENNA WITH CONTROLLABLY VARIABLE POLARIZATION,,grant,granted,SIERRA NEVADA CORPORATION,US,2018-06-08,2018,2021-09-14,2021,H01Q3/36|H01Q3/01|H01Q3/24|H01Q3/2635|H01Q15/24|H01Q15/244|H01Q21/0006|H01Q21/24,Antenna Design,2,,1,2018-06-08,2021-09-14,,Vladimir A. Manasson; Lev S. Sadovnik,0,0
Sierra Nevada / Sierra Space,15949816,US10665939,SCANNING ANTENNA WITH ELECTRONICALLY RECONFIGURABLE SIGNAL FEED,,grant,granted,SIERRA NEVADA CORPORATION,US,2018-04-10,2018,2020-05-26,2020,H01Q3/24|H01Q3/247|H01Q1/50|H01Q3/26|H01Q13/26|H01Q13/28|H01Q21/0006|H01Q21/06,Antenna Design,2,,1,2018-04-10,2020-05-26,,Aramais Avakian; Lev S. Sadovnik,0,0
Sierra Nevada / Sierra Space,15819196,US10770606,SOLAR ARRAY SYSTEM AND METHOD OF MANUFACTURING,,grant,granted,Sierra Nevada Corporation,US,2017-11-21,2017,2020-09-08,2020,H10F77/80|H10F19/00|H10F71/00|H10F19/902|H10F77/219|H10F19/908|H10F19/80|H10F19/75,Spacecraft / Launch Systems,5,,1,2017-11-21,2020-09-08,,Brian Anthony; Rodney Dobson; Matthew Johnson; Scott Christiansen; L. Eric Ruhl,0,0
Sierra Nevada / Sierra Space,15803220,US10263661,EXTENDED RANGE COMMUNICATIONS FOR ULTRA-WIDEBAND NETWORK NODES,,grant,granted,Sierra Nevada Corporation,US,2017-11-03,2017,2019-04-16,2019,H04B1/711|H04B1/1027|H04B1/7073|H04B1/7095|H04B1/7101|H04B1/713|H04B1/7163|H04B10/613,Satellite / Wireless Comms,1,,1,2017-11-03,2019-04-16,,Donald Rasmussen,0,0
Sierra Nevada / Sierra Space,15671870,US9998426,BI-DIRECTIONAL DATA SECURITY FOR CONTROL SYSTEMS,,grant,granted,Sierra Nevada Corporation,US,2017-08-08,2017,2018-06-12,2018,H04L63/0218|G05B19/0425|G05B2219/32404|G06Q10/0639|G06Q50/06|H04L63/0263|H04L63/0428|H04L63/105,Satellite / Wireless Comms,4,,1,2017-08-08,2018-06-12,,Peter Fischer; Joshua A. Edwards; Kyle Andrew Shepard; Kevin Jeffrey Streander,0,0
Sierra Nevada / Sierra Space,15650095,US10523498,MULTI-BROKER MESSAGING AND TELEMEDICINE DATABASE REPLICATION,,grant,granted,Sierra Nevada Corporation,US,2017-07-14,2017,2019-12-31,2019,H04L41/0668|G16H40/67|G16H10/60|G16H80/00|H04L41/044|H04L41/0695|H04L41/0816|H04L41/30,Satellite / Wireless Comms,1,,1,2017-07-14,2019-12-31,,David Jones,0,0
Sierra Nevada / Sierra Space,15608758,US10974809,AIR-LAUNCHED UNMANNED AERIAL VEHICLE,,grant,granted,SIERRA NEVADA CORPORATION,US,2017-05-30,2017,2021-04-13,2021,B64D17/80|B64U50/13|B64U2201/20|B64U30/12|B64U70/50|B64U80/86|B64U80/70|B64U50/19,Other,3,,1,2017-05-30,2021-04-13,,Ken FINKLEA; Carlos MIRALLES; Guan Hua SU,0,0
Sierra Nevada / Sierra Space,15587945,US10808808,EXPANDING PIN ASSEMBLY CONTROLLED BY ACTUATOR FOR LOCKING AND UNLOCKING MECHANICAL JOINT,,grant,granted,Sierra Nevada Corporation,US,2017-05-05,2017,2020-10-20,2020,B64C3/56|F16B13/068|F16H19/02|F16H25/2252|F16H57/082|Y02T50/10,Aeronautics / Structures,5,,1,2017-05-05,2020-10-20,,Jake Crine; Benjamin Paul Cunningham; Alec B. Devereaux; Sonny J. Lewis; Jonathan Peritt,0,0
Sierra Nevada / Sierra Space,15520780,US10410531,SYSTEMS AND METHODS FOR GENERATING IMPROVED ENVIRONMENTAL DISPLAYS FOR VEHICLES,,grant,granted,SIERRA NEVADA CORPORATION,US,2017-04-20,2017,2019-09-10,2019,G08G5/80|G08G5/21|G08G5/53|G08G5/55|G08G5/74|B64D43/00|B64D45/08|B64D47/08,Remote Sensing / GPS,10,,1,2017-04-20,2019-09-10,,Jack Philip Cross; William Edward Brandstetter III; Igor Valigura; Justin Michael Bode; Damien Bruno Jourdan; David McMartin Howard; Rodney Lee Pickens; Timothy L. Sweet; Joshua D. Gleason; Joseph H. Hansen Jr.,0,0
Sierra Nevada / Sierra Space,15387413,US10090602,WAVEGUIDE FEED FOR STEERABLE BEAM ANTENNA,,grant,granted,SIERRA NEVADA CORPORATION,US,2016-12-21,2016,2018-10-02,2018,H01Q13/28|H01P3/165|H01P5/08|H01Q3/20|H01Q3/26|H01Q3/443|H01Q9/42|H01Q13/0233,Antenna Design,2,,1,2016-12-21,2018-10-02,,Vladimir A. Manasson; Lev S. Sadovnik,0,0
Sierra Nevada / Sierra Space,14668602,US9729507,BI-DIRECTIONAL DATA SECURITY FOR SUPERVISOR CONTROL AND DATA ACQUISITION NETWORKS,,grant,granted,Sierra Nevada Corporation,US,2015-03-25,2015,2017-08-08,2017,H04L63/02|G05B2219/32404|G06Q50/06|H04L63/0218|H04L63/0227|H04L63/0263|H04L63/029|H04L63/1408,Satellite / Wireless Comms,4,,1,2015-03-25,2017-08-08,,Peter Fischer; Andrew Feldkamp; Nelson Rodriguez; Joshua Edwards,0,0
Sierra Nevada / Sierra Space,14507545,US9817129,MONITOR BASED AMBIGUITY VERIFICATION FOR ENHANCED GUIDANCE QUALITY,,grant,granted,SIERRA NEVADA CORPORATION,US,2014-10-06,2014,2017-11-14,2017,G01S19/44|G01S19/073|G01S19/03|G01S19/04|G01S19/07|G01S19/43|G01S19/46,Remote Sensing / GPS,2,,1,2014-10-06,2017-11-14,,Joseph Henry Hansen JR.; William Gerald Wright,0,0
Sierra Nevada / Sierra Space,14295920,US9698478,ELECTRONICALLY-CONTROLLED STEERABLE BEAM ANTENNA WITH SUPPRESSED PARASITIC SCATTERING,,grant,granted,SIERRA NEVADA CORPORATION,US,2014-06-04,2014,2017-07-04,2017,H01Q3/24|H01Q3/34|H01Q3/32|H01Q3/443|H01Q13/28|H01Q23/00,Antenna Design,3,,1,2014-06-04,2017-07-04,,Vladimir A. Manasson; Lev S. Sadovnik; Vladimir Litvinov,0,0
Sierra Nevada / Sierra Space,14168283,US9531669,BI-DIRECTIONAL DATA SECURITY FOR SUPERVISOR CONTROL AND DATA ACQUISITION NETWORKS,,grant,granted,Sierra Nevada Corporation,US,2014-01-30,2014,2016-12-27,2016,H04L63/02|G05B2219/32404|G06Q50/06|H04L63/0218|H04L63/0227|H04L63/0263|H04L63/029|H04L63/1408,Satellite / Wireless Comms,4,,1,2014-01-30,2016-12-27,,Peter Fischer; Andrew Feldkamp; Nelson Rodriguez; Joshua Edwards,0,0
Sierra Nevada / Sierra Space,14166272,US10032003,Patient Medical Data Access System,,grant,granted,SIERRA NEVADA CORPORATION,US,2014-01-28,2014,2018-07-24,2018,G16H40/67,Other,11,,1,2014-01-28,2018-07-24,,Kitty Tong; Richard J. Moss; Ashkan Moghaddam; James Rowe; Joseph T. Sanford; Brian K. Streng; Roger Andersen; David M. Howard; David C. Uhrig; Samuel Hancock,0,0
Sierra Nevada / Sierra Space,14049085,US9457886,INTEGRAL ANTENNA WINGLET,,grant,granted,SIERRA NEVADA CORPORATION,US,2013-10-08,2013,2016-10-04,2016,B64C1/36|Y10T29/49016|B64C23/069|B64C1/0009|H01Q1/283|H01Q1/287|H01Q1/42|H01Q1/48,Aeronautics / Structures,1,,1,2013-10-08,2016-10-04,,Timothy M. Hazen,0,0
Sierra Nevada / Sierra Space,13906800,US8976066,BEAM-FORMING ANTENNA WITH AMPLITUDE-CONTROLLED ANTENNA ELEMENTS,,grant,granted,SIERRA NEVADA CORPORATION,US,2013-05-31,2013,2015-03-10,2015,H01Q3/28|H01Q21/061|H01Q21/08|H01Q21/22,Antenna Design,2,,1,2013-05-31,2015-03-10,,Vladimir A. Manasson; Lev S. Sadovnik,0,0
